19:59:19 ;0.25 ;0.52 ;6.73 ;0.89 ;63.71 ;6.62
19:59:20 ;0.00 ;0.38 ;0.00 ;0.00 ;20.00 ;0.50
19:59:21 ;0.13 ;0.25 ;0.00 ;0.00 ;30.00 ;0.43
19:59:22 ;0.00 ;0.50 ;0.00 ;0.00 ;33.00 ;0.45
19:59:23 ;0.13 ;0.38 ;0.00 ;0.00 ;32.00 ;0.47
19:59:24 ;0.13 ;0.38 ;0.00 ;0.00 ;112.00 ;0.94
19:59:25 ;0.00 ;0.50 ;0.00 ;0.00 ;31.00 ;0.52
19:59:26 ;0.13 ;0.38 ;0.00 ;0.00 ;28.00 ;0.43
19:59:27 ;0.12 ;0.62 ;0.00 ;0.00 ;42.00 ;0.48
19:59:28 ;0.00 ;0.50 ;0.00 ;0.00 ;31.00 ;0.52
19:59:29 ;0.38 ;0.50 ;0.00 ;0.00 ;125.00 ;15.49
19:59:30 ;0.00 ;0.50 ;0.00 ;0.00 ;32.00 ;0.50
19:59:31 ;0.12 ;0.50 ;0.00 ;0.00 ;30.00 ;0.43
19:59:32 ;0.13 ;0.50 ;0.00 ;0.00 ;38.00 ;0.50
19:59:33 ;0.00 ;0.50 ;0.00 ;0.00 ;36.00 ;0.44
19:59:34 ;0.12 ;0.38 ;0.00 ;0.00 ;34.00 ;0.56
19:59:35 ;0.13 ;0.25 ;0.00 ;0.00 ;49.00 ;0.47
19:59:36 ;0.13 ;0.38 ;0.00 ;0.00 ;43.00 ;0.49
19:59:37 ;0.00 ;0.25 ;0.00 ;0.00 ;157.00 ;1.47
19:59:38 ;0.38 ;0.38 ;0.00 ;0.00 ;688.00 ;6.50
19:59:39 ;0.00 ;0.38 ;0.00 ;0.00 ;48.00 ;0.50
19:59:40 ;0.12 ;0.37 ;0.00 ;0.00 ;22.00 ;0.77
19:59:41 ;0.00 ;0.50 ;0.00 ;0.00 ;16.00 ;0.44
19:59:42 ;0.13 ;0.50 ;0.00 ;0.00 ;25.00 ;0.48
19:59:43 ;0.00 ;0.63 ;0.00 ;0.00 ;24.00 ;0.54
19:59:44 ;0.12 ;0.38 ;0.00 ;0.00 ;25.00 ;0.92
19:59:45 ;0.12 ;0.37 ;0.00 ;0.00 ;36.00 ;0.47
19:59:46 ;0.00 ;0.50 ;0.00 ;0.00 ;25.00 ;0.48
19:59:47 ;0.12 ;0.62 ;0.00 ;0.00 ;192.00 ;1.50
19:59:48 ;0.12 ;0.37 ;0.00 ;0.00 ;26.00 ;0.42
19:59:49 ;0.00 ;0.25 ;0.00 ;0.00 ;61.00 ;0.62
19:59:50 ;0.13 ;0.63 ;0.00 ;0.00 ;37.00 ;0.57
19:59:51 ;0.00 ;0.25 ;0.00 ;0.00 ;27.00 ;0.48
19:59:52 ;0.12 ;0.50 ;0.00 ;0.00 ;7.00 ;0.29
19:59:53 ;0.00 ;0.50 ;0.00 ;0.00 ;44.00 ;0.48
19:59:54 ;0.13 ;0.50 ;0.00 ;0.00 ;55.00 ;0.45
19:59:55 ;0.12 ;0.62 ;0.00 ;0.00 ;18.00 ;0.50
19:59:56 ;0.00 ;0.50 ;0.00 ;0.00 ;37.00 ;0.46
19:59:57 ;0.13 ;0.38 ;0.00 ;0.00 ;54.00 ;0.50
19:59:58 ;0.13 ;0.50 ;0.00 ;0.00 ;175.00 ;1.47
19:59:59 ;0.00 ;0.50 ;0.00 ;0.00 ;14.00 ;0.50
20:00:00 ;0.25 ;0.50 ;0.00 ;0.00 ;69.00 ;0.52
20:00:01 ;0.13 ;0.50 ;0.00 ;0.00 ;79.00 ;0.51
20:00:02 ;0.13 ;0.50 ;0.00 ;0.00 ;50.00 ;0.68
20:00:03 ;0.25 ;0.63 ;0.00 ;0.00 ;78.00 ;0.53
20:00:04 ;0.13 ;0.50 ;0.00 ;0.00 ;52.00 ;0.63
20:00:05 ;0.00 ;0.50 ;0.00 ;0.00 ;25.00 ;0.48
20:00:06 ;0.13 ;0.75 ;0.00 ;0.00 ;34.00 ;0.59
20:00:07 ;0.25 ;0.63 ;0.00 ;0.00 ;69.00 ;0.62
20:00:08 ;0.00 ;0.63 ;0.00 ;0.00 ;53.00 ;1.13
20:00:09 ;0.13 ;0.38 ;0.00 ;0.00 ;32.00 ;0.50
20:00:10 ;0.00 ;0.62 ;0.00 ;0.00 ;30.00 ;0.53
20:00:11 ;0.13 ;0.75 ;0.00 ;0.00 ;31.00 ;0.52
20:00:12 ;0.00 ;0.38 ;0.00 ;0.00 ;39.00 ;0.56
20:00:13 ;0.12 ;0.50 ;0.00 ;0.00 ;38.00 ;0.50
20:00:14 ;0.00 ;0.25 ;0.00 ;0.00 ;24.00 ;0.50
20:00:15 ;0.13 ;0.38 ;0.00 ;0.00 ;41.00 ;0.51
20:00:16 ;0.12 ;0.50 ;0.00 ;0.00 ;38.00 ;0.68
20:00:17 ;0.25 ;0.63 ;0.00 ;0.00 ;56.00 ;0.54
20:00:18 ;0.25 ;0.50 ;0.00 ;0.00 ;277.00 ;3.49
20:00:19 ;0.13 ;0.50 ;0.00 ;0.00 ;30.00 ;0.60
20:00:20 ;0.13 ;0.50 ;0.00 ;0.00 ;48.00 ;0.98
20:00:21 ;0.00 ;0.38 ;0.00 ;0.00 ;25.00 ;0.48
20:00:22 ;0.13 ;0.38 ;0.00 ;0.00 ;38.00 ;0.53
20:00:23 ;0.13 ;0.25 ;0.00 ;0.00 ;54.00 ;0.52
20:00:24 ;0.13 ;0.38 ;0.00 ;0.00 ;53.00 ;0.64
20:00:25 ;0.12 ;0.38 ;0.00 ;0.00 ;23.00 ;0.48
20:00:26 ;0.00 ;0.38 ;0.00 ;0.00 ;34.00 ;0.56
20:00:27 ;0.12 ;0.50 ;0.00 ;0.00 ;46.00 ;0.54
20:00:28 ;0.13 ;0.50 ;0.00 ;0.00 ;51.00 ;0.51
20:00:29 ;0.38 ;0.50 ;0.00 ;0.00 ;197.00 ;2.89
20:00:30 ;0.13 ;0.75 ;0.00 ;0.00 ;49.00 ;0.63
20:00:31 ;0.00 ;0.50 ;0.00 ;0.00 ;18.00 ;0.50
20:00:32 ;0.12 ;0.62 ;0.00 ;0.00 ;15.00 ;0.87
20:00:33 ;0.00 ;0.38 ;0.00 ;0.00 ;42.00 ;0.50
20:00:34 ;0.13 ;0.38 ;0.00 ;0.00 ;39.00 ;0.51
20:00:35 ;0.12 ;0.38 ;0.00 ;0.00 ;40.00 ;0.65
20:00:36 ;0.13 ;0.38 ;0.00 ;0.00 ;40.00 ;0.57
20:00:37 ;0.13 ;0.38 ;0.00 ;0.00 ;59.00 ;0.54
20:00:38 ;0.13 ;0.38 ;0.00 ;0.00 ;61.39 ;0.79
20:00:39 ;0.13 ;0.38 ;0.00 ;0.00 ;51.00 ;0.53
20:00:40 ;0.13 ;0.25 ;0.00 ;0.00 ;156.00 ;1.07
20:00:41 ;0.00 ;0.38 ;0.00 ;0.00 ;24.00 ;0.46
20:00:42 ;0.13 ;0.25 ;0.00 ;0.00 ;50.00 ;0.56
20:00:43 ;0.12 ;0.25 ;0.00 ;0.00 ;33.00 ;0.52
20:00:44 ;0.00 ;0.25 ;0.00 ;0.00 ;32.00 ;0.50
20:00:45 ;0.13 ;0.38 ;0.00 ;0.00 ;44.00 ;0.57
20:00:46 ;0.25 ;0.62 ;0.00 ;0.00 ;59.00 ;0.51
20:00:47 ;0.00 ;0.50 ;0.00 ;0.00 ;39.00 ;0.51
20:00:48 ;0.13 ;0.38 ;0.00 ;0.00 ;45.00 ;0.47
20:00:49 ;0.12 ;0.37 ;0.00 ;0.00 ;33.00 ;0.52
20:00:50 ;0.00 ;0.50 ;0.00 ;0.00 ;13.00 ;0.54
20:00:51 ;0.13 ;0.38 ;0.00 ;0.00 ;34.00 ;0.79
20:00:52 ;0.00 ;0.50 ;0.00 ;0.00 ;41.00 ;0.51
20:00:53 ;0.13 ;0.50 ;0.00 ;0.00 ;108.00 ;1.08
20:00:54 ;0.12 ;0.62 ;0.00 ;0.00 ;26.00 ;0.46
20:00:55 ;0.12 ;0.38 ;0.00 ;0.00 ;39.00 ;0.54
20:00:56 ;0.00 ;0.63 ;0.00 ;0.00 ;24.00 ;0.46
20:00:57 ;0.12 ;0.38 ;0.00 ;0.00 ;48.00 ;0.50
20:00:58 ;0.13 ;0.38 ;0.00 ;0.00 ;22.00 ;0.45
20:00:59 ;0.00 ;0.25 ;0.00 ;0.00 ;41.00 ;0.46
20:01:00 ;0.12 ;0.50 ;0.00 ;0.00 ;61.00 ;1.41
20:01:01 ;0.00 ;0.50 ;0.00 ;0.00 ;13.00 ;0.46
20:01:02 ;0.00 ;0.38 ;0.00 ;0.00 ;13.00 ;0.54
20:01:03 ;0.13 ;0.50 ;0.00 ;0.00 ;36.00 ;0.50
20:01:04 ;0.00 ;0.38 ;0.00 ;0.00 ;19.00 ;0.68
20:01:05 ;0.13 ;0.50 ;0.00 ;0.00 ;34.00 ;0.53
20:01:06 ;0.12 ;0.62 ;0.00 ;0.00 ;19.00 ;0.42
20:01:07 ;0.00 ;0.50 ;0.00 ;0.00 ;34.00 ;0.50
20:01:08 ;0.13 ;0.38 ;0.00 ;0.00 ;136.00 ;1.54
20:01:09 ;0.13 ;0.38 ;0.00 ;0.00 ;43.00 ;0.51
20:01:10 ;0.00 ;0.38 ;0.00 ;0.00 ;21.00 ;0.57
20:01:11 ;0.13 ;0.38 ;0.00 ;0.00 ;20.00 ;0.50
20:01:12 ;0.13 ;0.25 ;0.00 ;0.00 ;41.00 ;0.54
20:01:47 ;0.24 ;0.52 ;6.42 ;0.89 ;63.12 ;6.43
20:01:48 ;0.12 ;0.87 ;0.00 ;0.00 ;33.00 ;0.48
20:01:49 ;0.13 ;0.63 ;0.00 ;0.00 ;44.00 ;0.55
20:01:50 ;0.00 ;0.62 ;0.00 ;0.00 ;39.00 ;0.54
20:01:51 ;0.13 ;0.75 ;0.00 ;0.00 ;45.00 ;0.51
20:01:52 ;0.13 ;0.75 ;0.00 ;0.00 ;43.00 ;0.51
20:01:53 ;0.12 ;1.00 ;0.00 ;0.00 ;115.00 ;1.98
20:01:54 ;0.00 ;0.88 ;0.00 ;0.00 ;17.82 ;0.56
20:01:55 ;0.13 ;0.88 ;0.00 ;0.00 ;52.00 ;0.58
20:01:56 ;0.00 ;1.37 ;0.00 ;0.00 ;28.00 ;0.50
20:01:57 ;0.12 ;1.00 ;0.00 ;0.00 ;57.00 ;0.60
20:01:58 ;0.13 ;0.75 ;0.00 ;0.00 ;25.00 ;0.48
20:01:59 ;0.00 ;0.50 ;0.00 ;0.00 ;31.00 ;0.52
20:02:00 ;0.13 ;0.88 ;0.00 ;0.00 ;231.00 ;1.52
20:02:01 ;0.12 ;1.00 ;0.00 ;0.00 ;43.00 ;0.63
20:02:02 ;0.13 ;1.25 ;0.00 ;0.00 ;63.00 ;0.54
20:02:03 ;0.12 ;1.00 ;0.00 ;0.00 ;39.00 ;0.54
20:02:04 ;0.13 ;0.50 ;0.00 ;0.00 ;45.00 ;0.49
20:02:05 ;0.12 ;0.50 ;0.00 ;0.00 ;232.00 ;1.56
20:02:06 ;0.00 ;0.63 ;0.00 ;0.00 ;29.00 ;0.52
20:02:07 ;0.13 ;0.50 ;0.00 ;0.00 ;54.00 ;0.63
20:02:08 ;0.13 ;0.75 ;0.00 ;0.00 ;44.00 ;0.50
20:02:09 ;0.13 ;0.63 ;0.00 ;0.00 ;55.00 ;0.91
20:02:10 ;0.12 ;0.62 ;0.00 ;0.00 ;42.00 ;0.62
20:02:11 ;0.13 ;0.38 ;0.00 ;0.00 ;72.00 ;0.49
20:02:12 ;0.13 ;0.63 ;0.00 ;0.00 ;54.00 ;0.63
20:02:13 ;0.13 ;0.25 ;0.00 ;0.00 ;55.00 ;0.60
20:02:14 ;0.12 ;0.38 ;0.00 ;0.00 ;28.00 ;0.75
20:02:15 ;0.12 ;0.25 ;0.00 ;0.00 ;50.00 ;0.62
20:02:16 ;0.13 ;0.50 ;0.00 ;0.00 ;306.00 ;1.89
20:02:17 ;0.25 ;0.50 ;0.00 ;0.00 ;68.00 ;0.51
20:02:18 ;0.00 ;0.50 ;0.00 ;0.00 ;16.00 ;0.44
20:02:19 ;0.00 ;0.38 ;0.00 ;0.00 ;30.00 ;0.53
20:02:20 ;0.13 ;0.50 ;0.00 ;0.00 ;44.00 ;0.48
20:02:21 ;0.13 ;0.25 ;0.00 ;0.00 ;36.00 ;0.58
20:02:22 ;0.13 ;0.50 ;0.00 ;0.00 ;55.00 ;0.64
20:02:23 ;0.12 ;0.50 ;0.00 ;0.00 ;37.00 ;0.59
20:02:24 ;0.00 ;0.50 ;0.00 ;0.00 ;58.00 ;0.91
20:02:25 ;0.12 ;0.62 ;0.00 ;0.00 ;36.00 ;0.47
20:02:26 ;0.12 ;0.62 ;0.00 ;0.00 ;38.00 ;0.53
20:02:27 ;0.12 ;0.75 ;0.00 ;0.00 ;52.00 ;0.60
20:02:28 ;0.00 ;0.75 ;0.00 ;0.00 ;31.00 ;0.52
20:02:29 ;0.13 ;0.63 ;0.00 ;0.00 ;38.00 ;0.50
20:02:30 ;0.13 ;0.38 ;0.00 ;0.00 ;48.00 ;0.50
20:02:31 ;0.00 ;0.50 ;0.00 ;0.00 ;23.00 ;0.48
20:02:32 ;0.25 ;0.75 ;0.00 ;0.00 ;411.00 ;1.65
20:02:33 ;0.12 ;0.62 ;0.00 ;0.00 ;44.00 ;0.52
20:02:34 ;0.12 ;0.62 ;0.00 ;0.00 ;45.00 ;0.73
20:02:35 ;0.12 ;0.62 ;0.00 ;0.00 ;24.00 ;0.54
20:02:36 ;0.12 ;0.50 ;0.00 ;0.00 ;44.00 ;0.68
20:02:37 ;0.12 ;0.50 ;0.00 ;0.00 ;67.00 ;0.54
20:02:38 ;0.12 ;0.62 ;0.00 ;0.00 ;41.00 ;0.59
20:02:39 ;0.00 ;0.38 ;0.00 ;0.00 ;69.00 ;1.00
20:02:40 ;0.25 ;0.50 ;0.00 ;0.00 ;51.00 ;0.59
20:02:41 ;0.12 ;0.50 ;0.00 ;0.00 ;52.00 ;0.60
20:02:42 ;0.12 ;0.62 ;0.00 ;0.00 ;50.00 ;0.64
20:02:43 ;0.13 ;0.50 ;0.00 ;0.00 ;64.00 ;0.69
20:02:44 ;0.12 ;0.38 ;0.00 ;0.00 ;30.00 ;0.60
20:02:45 ;0.12 ;0.25 ;0.00 ;0.00 ;35.00 ;0.71
20:02:46 ;0.00 ;0.38 ;0.00 ;0.00 ;35.00 ;0.60
20:02:47 ;0.25 ;0.50 ;0.00 ;0.00 ;435.00 ;1.79
20:02:48 ;0.13 ;0.50 ;0.00 ;0.00 ;47.00 ;0.53
20:02:49 ;0.12 ;0.62 ;0.00 ;0.00 ;52.00 ;0.81
20:02:50 ;0.25 ;0.62 ;0.00 ;0.00 ;48.00 ;0.79
20:02:51 ;0.13 ;0.50 ;0.00 ;0.00 ;57.00 ;0.53
20:02:52 ;0.12 ;0.62 ;0.00 ;0.00 ;61.00 ;0.66
20:02:53 ;0.13 ;0.50 ;0.00 ;0.00 ;56.00 ;0.66
20:02:54 ;0.13 ;0.38 ;0.00 ;0.00 ;27.00 ;0.56
20:02:55 ;0.12 ;0.50 ;0.00 ;0.00 ;66.00 ;0.74
20:02:56 ;0.38 ;0.50 ;0.00 ;0.00 ;46.00 ;1.39
20:02:57 ;0.00 ;0.38 ;0.00 ;0.00 ;35.00 ;0.60
20:02:58 ;0.38 ;0.38 ;0.00 ;0.00 ;60.00 ;0.75
20:02:59 ;0.13 ;0.38 ;0.00 ;0.00 ;49.00 ;0.69
20:03:00 ;0.13 ;0.50 ;0.00 ;0.00 ;65.00 ;0.60
20:03:01 ;0.12 ;0.62 ;0.00 ;0.00 ;35.00 ;0.54
20:03:02 ;0.12 ;0.50 ;0.00 ;0.00 ;38.00 ;0.55
20:03:03 ;0.25 ;0.62 ;0.00 ;0.00 ;471.00 ;1.68
20:03:04 ;0.13 ;0.38 ;0.00 ;0.00 ;46.00 ;0.54
20:03:05 ;0.12 ;0.38 ;0.00 ;0.00 ;50.00 ;0.68
20:03:06 ;0.13 ;0.50 ;0.00 ;0.00 ;33.00 ;0.70
20:03:07 ;0.12 ;0.38 ;0.00 ;0.00 ;45.00 ;0.58
20:03:08 ;0.00 ;0.62 ;0.00 ;0.00 ;18.00 ;0.56
20:03:09 ;0.13 ;0.25 ;0.00 ;0.00 ;83.00 ;0.84
20:03:10 ;0.13 ;0.38 ;0.00 ;0.00 ;55.00 ;0.56
20:03:11 ;0.12 ;0.50 ;0.00 ;0.00 ;20.00 ;0.65
20:03:12 ;0.00 ;0.38 ;0.00 ;0.00 ;15.00 ;0.60
20:03:13 ;0.25 ;0.50 ;0.00 ;0.00 ;373.00 ;2.16
20:03:14 ;0.13 ;0.38 ;0.00 ;0.00 ;26.00 ;0.73
20:03:15 ;0.13 ;0.38 ;0.00 ;0.00 ;41.00 ;0.61
20:03:16 ;0.00 ;0.25 ;0.00 ;0.00 ;35.00 ;0.66
20:03:17 ;0.13 ;0.38 ;0.00 ;0.00 ;26.00 ;0.73
20:03:18 ;0.13 ;0.38 ;0.00 ;0.00 ;36.00 ;0.64
20:03:19 ;0.13 ;0.38 ;0.00 ;0.00 ;67.00 ;0.55
20:03:20 ;0.12 ;0.37 ;0.00 ;0.00 ;16.00 ;0.56
20:03:21 ;0.00 ;0.50 ;0.00 ;0.00 ;30.00 ;0.83
20:03:22 ;0.13 ;0.63 ;0.00 ;0.00 ;57.00 ;0.53
20:03:23 ;0.13 ;0.63 ;0.00 ;0.00 ;35.00 ;0.71
20:03:24 ;0.00 ;0.50 ;0.00 ;0.00 ;28.00 ;0.57
20:03:25 ;0.25 ;0.38 ;0.00 ;0.00 ;61.00 ;0.52
20:03:26 ;0.13 ;0.50 ;0.00 ;0.00 ;62.00 ;0.61
20:03:27 ;0.12 ;0.25 ;0.00 ;0.00 ;59.00 ;0.71
20:03:28 ;0.25 ;0.50 ;0.00 ;0.00 ;59.00 ;0.59
20:03:29 ;0.25 ;0.25 ;0.00 ;0.00 ;461.00 ;2.03
20:03:30 ;0.12 ;0.38 ;0.00 ;0.00 ;27.00 ;0.56
20:03:31 ;0.13 ;0.25 ;0.00 ;0.00 ;37.00 ;0.68
20:03:32 ;0.25 ;0.38 ;0.00 ;0.00 ;58.00 ;0.76
20:03:33 ;0.13 ;0.25 ;0.00 ;0.00 ;42.00 ;0.57
20:03:34 ;0.00 ;0.25 ;0.00 ;0.00 ;25.00 ;0.52
20:03:35 ;0.13 ;0.38 ;0.00 ;0.00 ;35.00 ;0.66
20:03:36 ;0.00 ;0.38 ;0.00 ;0.00 ;12.00 ;0.58
20:03:37 ;0.12 ;0.38 ;0.00 ;0.00 ;28.00 ;0.50
20:03:38 ;0.13 ;0.50 ;0.00 ;0.00 ;37.00 ;0.68
20:03:39 ;0.00 ;0.38 ;0.00 ;0.00 ;62.00 ;1.35
20:03:40 ;0.12 ;0.38 ;0.00 ;0.00 ;19.00 ;0.63
20:03:41 ;0.13 ;0.38 ;0.00 ;0.00 ;60.00 ;0.65
20:03:42 ;0.25 ;0.38 ;0.00 ;0.00 ;48.00 ;1.12
20:03:43 ;0.12 ;0.38 ;0.00 ;0.00 ;52.00 ;0.50
20:03:44 ;0.13 ;0.50 ;0.00 ;0.00 ;39.00 ;0.77
20:03:45 ;0.25 ;0.38 ;0.00 ;0.00 ;425.00 ;1.92
20:03:46 ;0.12 ;0.50 ;0.00 ;0.00 ;32.00 ;0.56
20:03:47 ;0.13 ;0.63 ;0.00 ;0.00 ;54.00 ;0.70
20:03:48 ;0.12 ;0.38 ;0.00 ;0.00 ;42.00 ;0.64
20:03:49 ;0.13 ;0.38 ;0.00 ;0.00 ;18.00 ;0.50
20:03:50 ;0.00 ;0.38 ;0.00 ;0.00 ;25.00 ;0.56
20:03:51 ;0.12 ;0.38 ;0.00 ;0.00 ;35.00 ;0.57
20:03:52 ;0.25 ;0.50 ;1.00 ;1.00 ;79.00 ;0.59
20:03:53 ;0.13 ;0.25 ;0.00 ;0.00 ;67.00 ;0.64
20:03:54 ;0.13 ;0.25 ;0.00 ;0.00 ;46.00 ;0.50
20:03:55 ;0.12 ;0.62 ;0.00 ;0.00 ;56.00 ;0.57
20:03:56 ;0.12 ;0.62 ;0.00 ;0.00 ;41.00 ;0.73
20:03:57 ;0.13 ;0.38 ;0.00 ;0.00 ;48.00 ;0.60
20:03:58 ;0.13 ;0.50 ;0.00 ;0.00 ;59.00 ;0.64
20:03:59 ;0.13 ;0.38 ;0.00 ;0.00 ;23.00 ;0.74
20:04:00 ;0.13 ;0.50 ;0.00 ;0.00 ;58.00 ;0.67
20:04:01 ;0.25 ;0.38 ;0.00 ;0.00 ;65.00 ;0.49
20:04:02 ;0.13 ;0.38 ;0.00 ;0.00 ;58.00 ;0.60
20:04:03 ;0.13 ;0.63 ;0.00 ;0.00 ;39.00 ;0.59
20:04:04 ;0.00 ;0.25 ;0.00 ;0.00 ;16.00 ;0.69
20:04:05 ;0.13 ;0.13 ;0.00 ;0.00 ;36.00 ;0.72
20:04:06 ;0.13 ;0.25 ;0.00 ;0.00 ;45.00 ;0.73
20:04:07 ;0.13 ;0.25 ;0.00 ;0.00 ;25.00 ;1.04
20:04:08 ;0.00 ;0.25 ;0.00 ;0.00 ;26.00 ;0.50
20:04:09 ;0.13 ;0.25 ;0.00 ;0.00 ;33.00 ;0.55
20:04:10 ;0.12 ;0.37 ;0.00 ;0.00 ;67.00 ;0.78
20:04:11 ;0.00 ;0.50 ;0.00 ;0.00 ;46.00 ;0.52
20:04:12 ;0.13 ;0.38 ;0.00 ;0.00 ;36.00 ;0.50
20:04:13 ;0.13 ;0.38 ;0.00 ;0.00 ;38.00 ;0.55
20:04:14 ;0.13 ;0.38 ;0.00 ;0.00 ;58.00 ;0.55
20:04:15 ;0.25 ;0.38 ;0.00 ;0.00 ;603.00 ;2.04
20:04:16 ;0.00 ;0.25 ;0.00 ;0.00 ;14.00 ;0.57
20:04:17 ;0.13 ;0.38 ;0.00 ;0.00 ;34.00 ;0.65
20:04:18 ;0.25 ;0.38 ;0.00 ;0.00 ;59.00 ;0.68
20:04:19 ;0.13 ;0.38 ;0.00 ;0.00 ;49.00 ;0.84
20:04:20 ;0.13 ;0.50 ;0.00 ;0.00 ;35.00 ;0.66
20:04:21 ;0.00 ;0.50 ;0.00 ;0.00 ;33.00 ;0.52
20:04:22 ;0.25 ;0.50 ;0.00 ;0.00 ;59.00 ;0.81
20:04:23 ;0.12 ;0.75 ;0.00 ;0.00 ;44.00 ;0.68
20:04:24 ;0.13 ;0.63 ;0.00 ;0.00 ;56.00 ;0.55
20:04:25 ;0.00 ;0.38 ;0.00 ;0.00 ;22.00 ;0.55
20:04:26 ;0.12 ;0.62 ;0.00 ;0.00 ;11.00 ;0.64
20:04:27 ;0.00 ;0.38 ;0.00 ;0.00 ;42.00 ;0.57
20:04:28 ;0.12 ;0.62 ;0.00 ;0.00 ;24.00 ;0.54
20:04:29 ;0.13 ;0.25 ;0.00 ;0.00 ;32.00 ;0.50
20:04:30 ;0.00 ;0.38 ;0.00 ;0.00 ;8.00 ;0.75
20:04:31 ;0.12 ;0.50 ;0.00 ;0.00 ;50.00 ;0.60
20:04:32 ;0.13 ;0.50 ;0.00 ;0.00 ;49.00 ;0.61
20:04:33 ;0.13 ;0.50 ;0.00 ;0.00 ;58.00 ;0.64
20:04:34 ;0.13 ;0.50 ;0.00 ;0.00 ;41.00 ;0.63
20:04:35 ;0.13 ;0.63 ;0.00 ;0.00 ;24.00 ;0.79
20:04:36 ;0.12 ;0.75 ;0.00 ;0.00 ;23.00 ;0.65
20:04:37 ;0.12 ;0.50 ;0.00 ;0.00 ;54.00 ;0.57
20:04:38 ;0.13 ;0.38 ;0.00 ;0.00 ;47.00 ;0.77
20:04:39 ;0.12 ;0.50 ;0.00 ;0.00 ;45.00 ;0.67
20:04:40 ;0.13 ;0.63 ;0.00 ;0.00 ;70.00 ;0.94
20:04:41 ;0.00 ;0.25 ;0.00 ;0.00 ;10.00 ;0.60
20:04:42 ;0.13 ;0.38 ;0.00 ;0.00 ;50.00 ;0.54
20:04:43 ;0.25 ;0.25 ;0.00 ;0.00 ;110.00 ;0.76
20:04:44 ;0.13 ;0.25 ;0.00 ;0.00 ;58.00 ;0.55
20:04:45 ;0.25 ;0.25 ;0.00 ;0.00 ;98.00 ;0.58
20:04:46 ;0.13 ;0.25 ;0.00 ;0.00 ;417.00 ;1.77
20:04:47 ;0.13 ;0.13 ;0.00 ;0.00 ;82.00 ;0.74
20:04:48 ;0.13 ;0.38 ;0.00 ;0.00 ;77.00 ;0.68
20:04:49 ;0.13 ;0.50 ;0.00 ;0.00 ;35.00 ;0.57
20:04:50 ;0.13 ;0.50 ;0.00 ;0.00 ;53.00 ;0.53
20:04:51 ;0.38 ;0.38 ;0.00 ;0.00 ;300.00 ;2.64
20:04:52 ;0.00 ;0.50 ;0.00 ;0.00 ;24.00 ;0.50
20:04:53 ;0.25 ;0.50 ;0.00 ;0.00 ;69.00 ;0.74
20:04:54 ;0.12 ;0.62 ;0.00 ;0.00 ;39.00 ;0.56
20:04:55 ;0.00 ;0.50 ;0.00 ;0.00 ;49.00 ;0.51
20:04:56 ;0.25 ;0.50 ;0.00 ;0.00 ;39.00 ;1.08
20:04:57 ;0.12 ;0.50 ;0.00 ;0.00 ;60.00 ;0.62
20:04:58 ;0.13 ;0.50 ;0.00 ;0.00 ;52.00 ;0.71
20:04:59 ;0.13 ;0.38 ;0.00 ;0.00 ;33.00 ;1.06
20:05:00 ;0.38 ;0.88 ;0.00 ;0.00 ;52.00 ;1.40
20:05:01 ;0.00 ;0.75 ;0.00 ;0.00 ;17.00 ;0.53
20:05:02 ;0.13 ;0.88 ;0.00 ;0.00 ;31.00 ;0.55
20:05:03 ;0.13 ;0.88 ;0.00 ;0.00 ;68.00 ;0.53
20:05:04 ;0.12 ;0.62 ;0.00 ;0.00 ;35.00 ;0.57
20:05:05 ;0.00 ;0.38 ;0.00 ;0.00 ;27.00 ;0.67
20:05:06 ;0.25 ;0.50 ;0.00 ;0.00 ;59.00 ;0.63
20:05:07 ;0.12 ;0.75 ;0.00 ;0.00 ;45.00 ;0.64
20:05:08 ;0.12 ;0.62 ;0.00 ;0.00 ;26.00 ;0.77
20:05:09 ;0.13 ;0.38 ;0.00 ;0.00 ;49.00 ;0.63
20:05:10 ;0.13 ;0.38 ;0.00 ;0.00 ;100.00 ;0.89
20:05:11 ;0.00 ;0.25 ;0.00 ;0.00 ;15.00 ;0.53
20:05:12 ;0.25 ;0.38 ;0.00 ;0.00 ;538.00 ;1.86
20:05:13 ;0.25 ;0.50 ;0.00 ;0.00 ;58.00 ;0.57
20:05:14 ;0.00 ;0.38 ;0.00 ;0.00 ;54.00 ;0.70
20:05:15 ;0.13 ;0.38 ;0.00 ;0.00 ;30.00 ;0.53
20:05:16 ;0.13 ;0.38 ;0.00 ;0.00 ;26.00 ;0.58
20:05:17 ;0.00 ;0.50 ;0.00 ;0.00 ;22.00 ;0.68
20:05:18 ;0.13 ;0.50 ;0.00 ;0.00 ;29.00 ;0.55
20:05:19 ;0.25 ;0.50 ;0.00 ;0.00 ;294.00 ;3.50
20:05:20 ;0.13 ;0.38 ;0.00 ;0.00 ;28.00 ;0.54
20:05:21 ;0.00 ;0.37 ;0.00 ;0.00 ;11.00 ;1.00
20:05:22 ;0.12 ;0.38 ;0.00 ;0.00 ;48.00 ;0.52
20:05:23 ;0.13 ;0.25 ;0.00 ;0.00 ;39.00 ;0.67
20:05:24 ;0.13 ;0.25 ;0.00 ;0.00 ;40.00 ;0.55
20:05:25 ;0.00 ;0.38 ;0.00 ;0.00 ;35.00 ;0.60
20:05:26 ;0.12 ;0.37 ;0.00 ;0.00 ;37.00 ;0.51
20:05:27 ;0.13 ;0.25 ;0.00 ;0.00 ;38.00 ;0.53
20:05:28 ;0.13 ;0.50 ;0.00 ;0.00 ;34.00 ;0.65
20:05:29 ;0.00 ;0.25 ;0.00 ;0.00 ;32.00 ;0.66
20:05:30 ;0.13 ;0.25 ;0.00 ;0.00 ;20.00 ;0.45
20:05:31 ;0.00 ;0.25 ;0.00 ;0.00 ;42.00 ;0.52
20:05:32 ;0.25 ;0.25 ;0.00 ;0.00 ;204.00 ;1.66
20:05:33 ;0.00 ;0.50 ;0.00 ;0.00 ;20.00 ;0.50
20:05:34 ;0.12 ;0.37 ;0.00 ;0.00 ;55.00 ;0.60
20:05:35 ;0.13 ;0.38 ;0.00 ;0.00 ;38.00 ;0.58
20:05:36 ;0.13 ;0.38 ;0.00 ;0.00 ;41.00 ;0.51
20:05:37 ;0.13 ;0.38 ;0.00 ;0.00 ;334.00 ;1.20
20:05:38 ;0.12 ;0.38 ;0.00 ;0.00 ;35.00 ;0.51
20:05:39 ;0.13 ;0.38 ;0.00 ;0.00 ;23.00 ;0.57
20:05:40 ;0.12 ;0.50 ;0.00 ;0.00 ;67.00 ;0.94
20:05:41 ;0.00 ;0.62 ;0.00 ;0.00 ;29.00 ;0.55
20:05:42 ;0.25 ;0.50 ;0.00 ;0.00 ;69.00 ;0.57
20:05:43 ;0.00 ;0.50 ;0.00 ;0.00 ;40.00 ;0.53
20:05:44 ;0.12 ;0.50 ;0.00 ;0.00 ;23.00 ;0.48
20:05:45 ;0.13 ;0.25 ;0.00 ;0.00 ;51.00 ;0.49
20:05:46 ;0.00 ;0.38 ;0.00 ;0.00 ;24.00 ;0.62
20:05:47 ;0.00 ;0.37 ;0.00 ;0.00 ;19.00 ;0.58
20:05:48 ;0.13 ;0.38 ;0.00 ;0.00 ;25.00 ;0.52
20:05:49 ;0.00 ;0.38 ;0.00 ;0.00 ;31.00 ;0.55
20:05:50 ;0.13 ;0.38 ;0.00 ;0.00 ;30.00 ;0.50
20:05:51 ;0.00 ;0.37 ;0.00 ;0.00 ;12.00 ;0.58
20:05:52 ;0.13 ;0.38 ;0.00 ;0.00 ;41.00 ;0.78
20:05:53 ;0.25 ;0.38 ;0.00 ;0.00 ;267.00 ;1.79
20:05:54 ;0.00 ;0.38 ;0.00 ;0.00 ;37.00 ;0.65
20:05:55 ;0.25 ;0.38 ;0.00 ;0.00 ;44.00 ;0.66
20:05:56 ;0.00 ;0.50 ;0.00 ;0.00 ;20.00 ;0.60
20:05:57 ;0.12 ;0.37 ;0.00 ;0.00 ;38.00 ;0.66
20:05:58 ;0.13 ;0.63 ;0.00 ;0.00 ;62.00 ;0.56
20:05:59 ;0.25 ;0.50 ;0.00 ;0.00 ;41.00 ;1.15
20:06:00 ;0.00 ;0.63 ;0.00 ;0.00 ;24.00 ;0.58
20:06:01 ;0.12 ;0.50 ;0.00 ;0.00 ;37.00 ;0.57
20:06:02 ;0.13 ;0.50 ;0.00 ;0.00 ;37.00 ;0.54
20:06:03 ;0.13 ;0.63 ;0.00 ;0.00 ;50.00 ;0.58
20:06:04 ;0.13 ;0.50 ;0.00 ;0.00 ;255.00 ;1.11
20:06:05 ;0.25 ;0.50 ;0.00 ;0.00 ;42.00 ;0.57
20:06:06 ;0.12 ;0.62 ;0.00 ;0.00 ;48.00 ;0.60
20:06:07 ;0.12 ;0.62 ;0.00 ;0.00 ;52.00 ;0.69
20:06:08 ;0.13 ;0.50 ;0.00 ;0.00 ;46.00 ;0.61
20:06:09 ;0.13 ;0.63 ;0.00 ;0.00 ;35.00 ;0.57
20:06:10 ;0.00 ;0.38 ;0.00 ;0.00 ;14.00 ;0.43
20:06:11 ;0.13 ;0.38 ;0.00 ;0.00 ;67.00 ;0.91
20:06:12 ;0.13 ;0.38 ;0.00 ;0.00 ;19.00 ;0.58
20:06:13 ;0.00 ;0.38 ;0.00 ;0.00 ;47.00 ;0.55
20:06:14 ;0.12 ;0.50 ;0.00 ;0.00 ;31.00 ;0.68
20:06:15 ;0.13 ;0.25 ;0.00 ;0.00 ;182.00 ;1.48
20:06:16 ;0.13 ;0.50 ;0.00 ;0.00 ;24.00 ;0.58
20:06:17 ;0.00 ;0.25 ;0.00 ;0.00 ;17.00 ;0.76
20:06:18 ;0.12 ;0.37 ;0.00 ;0.00 ;26.00 ;0.46
20:06:19 ;0.00 ;0.38 ;0.00 ;0.00 ;23.00 ;0.48
20:06:20 ;0.13 ;0.38 ;0.00 ;0.00 ;164.00 ;1.46
20:06:21 ;0.12 ;0.50 ;0.00 ;0.00 ;35.00 ;0.66
20:06:22 ;0.00 ;0.50 ;0.00 ;0.00 ;17.00 ;0.71
20:06:23 ;0.13 ;0.50 ;0.00 ;0.00 ;51.00 ;0.61
20:06:24 ;0.12 ;0.62 ;0.00 ;0.00 ;42.00 ;0.62
20:06:25 ;0.13 ;0.50 ;0.00 ;0.00 ;43.00 ;0.79
20:06:26 ;0.13 ;0.50 ;0.00 ;0.00 ;129.00 ;1.72
20:06:27 ;0.25 ;0.50 ;0.00 ;0.00 ;42.00 ;0.79
20:06:28 ;0.00 ;0.50 ;0.00 ;0.00 ;38.00 ;0.55
20:06:29 ;0.13 ;0.75 ;0.00 ;0.00 ;41.00 ;0.59
20:06:30 ;0.12 ;0.62 ;0.00 ;0.00 ;39.00 ;0.74
20:06:31 ;0.25 ;0.62 ;0.00 ;0.00 ;44.00 ;0.61
20:06:32 ;0.00 ;0.63 ;0.00 ;0.00 ;30.00 ;0.70
20:06:33 ;0.13 ;0.50 ;0.00 ;0.00 ;131.00 ;1.44
20:06:34 ;0.13 ;0.50 ;0.00 ;0.00 ;27.00 ;0.70
20:06:35 ;0.12 ;0.38 ;0.00 ;0.00 ;32.00 ;0.56
20:06:36 ;0.25 ;0.38 ;0.00 ;0.00 ;155.00 ;1.35
20:06:37 ;0.13 ;0.50 ;0.00 ;0.00 ;46.00 ;0.57
20:06:38 ;0.13 ;0.38 ;0.00 ;0.00 ;13.00 ;0.54
20:06:39 ;0.00 ;0.50 ;0.00 ;0.00 ;187.00 ;1.62
20:06:40 ;0.13 ;0.50 ;0.00 ;0.00 ;26.00 ;0.58
20:06:41 ;0.00 ;0.38 ;0.00 ;0.00 ;51.00 ;0.76
20:06:42 ;0.13 ;0.38 ;0.00 ;0.00 ;23.00 ;0.74
20:06:43 ;0.13 ;0.25 ;0.00 ;0.00 ;48.00 ;0.67
20:06:44 ;0.12 ;0.50 ;0.00 ;0.00 ;138.00 ;1.49
20:06:45 ;0.12 ;0.62 ;0.00 ;0.00 ;30.00 ;0.57
20:06:46 ;0.12 ;0.50 ;0.00 ;0.00 ;42.00 ;0.64
20:06:47 ;0.12 ;0.75 ;0.00 ;0.00 ;58.00 ;0.74
20:06:48 ;0.12 ;0.75 ;0.00 ;0.00 ;8.00 ;1.12
20:06:49 ;0.00 ;0.50 ;0.00 ;0.00 ;35.00 ;0.60
20:06:50 ;0.25 ;0.38 ;0.00 ;0.00 ;189.00 ;1.53
20:06:51 ;0.00 ;0.62 ;0.00 ;0.00 ;21.00 ;0.52
20:06:52 ;0.12 ;0.50 ;0.00 ;0.00 ;23.00 ;0.74
20:06:53 ;0.13 ;0.63 ;0.00 ;0.00 ;53.00 ;0.94
20:06:54 ;0.12 ;0.62 ;0.00 ;0.00 ;44.00 ;0.50
20:06:55 ;0.12 ;0.75 ;0.00 ;0.00 ;17.00 ;0.59
20:06:56 ;0.13 ;0.75 ;0.00 ;0.00 ;40.00 ;0.62
20:06:57 ;0.12 ;0.62 ;0.00 ;0.00 ;194.00 ;1.52
20:06:58 ;0.12 ;0.62 ;0.00 ;0.00 ;41.00 ;0.63
20:06:59 ;0.13 ;0.25 ;0.00 ;0.00 ;41.00 ;0.71
20:07:00 ;0.13 ;0.50 ;0.00 ;0.00 ;30.00 ;0.60
20:07:01 ;0.13 ;0.63 ;0.00 ;0.00 ;32.00 ;0.62
20:07:02 ;0.13 ;0.50 ;0.00 ;0.00 ;45.00 ;0.58
20:07:03 ;0.25 ;0.75 ;0.00 ;0.00 ;154.00 ;1.49
20:07:04 ;0.13 ;0.50 ;0.00 ;0.00 ;54.00 ;0.56
20:07:05 ;0.13 ;0.50 ;0.00 ;0.00 ;49.00 ;0.61
20:07:06 ;0.00 ;0.75 ;0.00 ;0.00 ;23.00 ;0.57
20:07:07 ;0.12 ;0.62 ;0.00 ;0.00 ;38.00 ;0.82
20:07:08 ;0.12 ;0.75 ;0.00 ;0.00 ;167.00 ;1.51
20:07:09 ;0.13 ;0.88 ;0.00 ;0.00 ;49.00 ;0.69
20:07:10 ;0.12 ;0.88 ;0.00 ;0.00 ;36.00 ;0.61
20:07:11 ;0.00 ;1.00 ;0.00 ;0.00 ;42.00 ;1.24
20:07:12 ;0.12 ;1.00 ;0.00 ;0.00 ;70.00 ;0.66
20:07:13 ;0.12 ;1.00 ;0.00 ;0.00 ;45.00 ;0.58
20:07:14 ;0.13 ;0.75 ;0.00 ;0.00 ;24.00 ;0.54
20:07:15 ;0.12 ;0.62 ;0.00 ;0.00 ;144.00 ;1.10
20:07:16 ;0.12 ;1.00 ;0.00 ;0.00 ;31.00 ;0.68
20:07:17 ;0.12 ;1.25 ;0.00 ;0.00 ;43.00 ;0.53
20:07:18 ;0.00 ;1.00 ;0.00 ;0.00 ;12.87 ;0.92
20:07:19 ;0.12 ;1.12 ;0.00 ;0.00 ;34.00 ;0.68
20:07:20 ;0.12 ;0.75 ;0.00 ;0.00 ;32.00 ;0.56
20:07:21 ;0.00 ;0.63 ;0.00 ;0.00 ;142.00 ;1.92
20:07:22 ;0.12 ;0.75 ;0.00 ;0.00 ;38.00 ;0.61
20:07:23 ;0.13 ;0.50 ;0.00 ;0.00 ;67.00 ;0.81
20:07:24 ;0.12 ;0.50 ;0.00 ;0.00 ;32.00 ;0.75
20:07:25 ;0.13 ;0.38 ;0.00 ;0.00 ;28.00 ;0.75
20:07:26 ;0.25 ;0.63 ;0.00 ;0.00 ;278.00 ;2.27
20:07:27 ;0.13 ;0.50 ;0.00 ;0.00 ;43.00 ;0.60
20:07:28 ;0.13 ;0.50 ;0.00 ;0.00 ;33.00 ;0.58
20:07:29 ;0.13 ;0.38 ;0.00 ;0.00 ;21.00 ;0.81
20:07:30 ;0.13 ;0.38 ;0.00 ;0.00 ;46.00 ;0.70
20:07:31 ;0.00 ;0.38 ;0.00 ;0.00 ;14.00 ;1.14
20:07:32 ;0.25 ;0.50 ;0.00 ;0.00 ;65.00 ;0.60
20:07:33 ;0.00 ;0.38 ;0.00 ;0.00 ;39.00 ;0.54
20:07:34 ;0.12 ;0.38 ;0.00 ;0.00 ;18.00 ;0.67
20:07:35 ;0.13 ;0.63 ;0.00 ;0.00 ;55.00 ;0.58
20:07:36 ;0.12 ;0.62 ;0.00 ;0.00 ;28.00 ;0.61
20:07:37 ;0.13 ;0.50 ;0.00 ;0.00 ;36.00 ;0.75
20:07:38 ;0.12 ;0.50 ;0.00 ;0.00 ;248.00 ;1.71
20:07:39 ;0.13 ;0.50 ;0.00 ;0.00 ;56.00 ;0.70
20:07:40 ;0.13 ;0.50 ;0.00 ;0.00 ;29.00 ;0.55
20:07:41 ;0.00 ;0.50 ;0.00 ;0.00 ;49.00 ;1.12
20:07:42 ;0.12 ;0.62 ;0.00 ;0.00 ;42.00 ;0.57
20:07:43 ;0.12 ;0.62 ;0.00 ;0.00 ;45.00 ;0.58
20:07:44 ;0.13 ;0.50 ;0.00 ;0.00 ;43.00 ;0.84
20:07:45 ;0.25 ;0.38 ;0.00 ;0.00 ;57.00 ;0.58
20:07:46 ;0.12 ;0.50 ;0.00 ;0.00 ;61.00 ;0.52
20:07:47 ;0.13 ;0.25 ;0.00 ;0.00 ;51.00 ;0.61
20:07:48 ;0.12 ;0.62 ;0.00 ;0.00 ;43.00 ;0.58
20:07:49 ;0.12 ;0.37 ;0.00 ;0.00 ;36.00 ;0.61
20:07:50 ;0.00 ;0.38 ;0.00 ;0.00 ;27.00 ;0.59
20:07:51 ;0.12 ;0.50 ;0.00 ;0.00 ;35.00 ;0.60
20:07:52 ;0.12 ;0.37 ;0.00 ;0.00 ;45.00 ;0.67
20:07:53 ;0.13 ;0.38 ;0.00 ;0.00 ;54.00 ;0.65
20:07:54 ;0.00 ;0.25 ;0.00 ;0.00 ;5.00 ;2.20
20:07:55 ;0.25 ;0.38 ;0.00 ;0.00 ;64.00 ;0.72
20:07:56 ;0.12 ;0.38 ;0.00 ;0.00 ;19.00 ;0.63
20:07:57 ;0.13 ;0.50 ;0.00 ;0.00 ;56.00 ;0.64
20:07:58 ;0.13 ;0.38 ;0.00 ;0.00 ;42.00 ;0.60
20:07:59 ;0.00 ;0.38 ;0.00 ;0.00 ;29.00 ;0.72
20:08:00 ;0.13 ;0.25 ;0.00 ;0.00 ;23.00 ;0.78
20:08:01 ;0.13 ;0.50 ;0.00 ;0.00 ;41.00 ;0.71
20:08:02 ;0.13 ;0.63 ;0.00 ;0.00 ;30.00 ;0.60
20:08:03 ;0.00 ;0.50 ;0.00 ;0.00 ;53.00 ;0.64
20:08:04 ;0.13 ;0.38 ;0.00 ;0.00 ;47.00 ;0.53
20:08:05 ;0.13 ;0.25 ;0.00 ;0.00 ;56.00 ;0.62
20:08:06 ;0.13 ;0.38 ;0.00 ;0.00 ;29.00 ;0.59
20:08:07 ;0.13 ;0.38 ;0.00 ;0.00 ;42.00 ;0.67
20:08:08 ;0.13 ;0.25 ;0.00 ;0.00 ;37.00 ;0.68
20:08:09 ;0.13 ;0.50 ;0.00 ;0.00 ;280.00 ;2.17
20:08:10 ;0.00 ;0.62 ;0.00 ;0.00 ;16.00 ;0.62
20:08:11 ;0.12 ;0.37 ;0.00 ;0.00 ;55.00 ;0.87
20:08:12 ;0.12 ;0.50 ;0.00 ;0.00 ;42.00 ;0.62
20:08:13 ;0.12 ;0.38 ;0.00 ;0.00 ;42.00 ;0.67
20:08:14 ;0.12 ;0.50 ;0.00 ;0.00 ;57.00 ;0.79
20:08:15 ;0.25 ;0.38 ;0.00 ;0.00 ;54.00 ;0.78
20:08:16 ;0.13 ;0.25 ;0.00 ;0.00 ;32.00 ;0.75
20:08:17 ;0.13 ;0.38 ;0.00 ;0.00 ;52.00 ;0.60
20:08:18 ;0.13 ;0.25 ;0.00 ;0.00 ;47.00 ;0.64
20:08:19 ;0.00 ;0.25 ;0.00 ;0.00 ;10.00 ;0.60
20:08:20 ;0.13 ;0.38 ;0.00 ;0.00 ;194.00 ;1.98
20:08:21 ;0.13 ;0.38 ;0.00 ;0.00 ;36.00 ;0.69
20:08:22 ;0.12 ;0.50 ;0.00 ;0.00 ;48.00 ;0.62
20:08:23 ;0.12 ;0.75 ;0.00 ;0.00 ;23.00 ;0.70
20:08:24 ;0.00 ;0.38 ;0.00 ;0.00 ;12.00 ;0.50
20:08:25 ;0.13 ;0.38 ;0.00 ;0.00 ;51.00 ;1.16
20:08:26 ;0.12 ;0.37 ;0.00 ;0.00 ;21.00 ;0.62
20:08:27 ;0.13 ;0.50 ;0.00 ;0.00 ;68.00 ;0.71
20:08:28 ;0.12 ;0.50 ;0.00 ;0.00 ;24.00 ;0.50
20:08:29 ;0.12 ;0.50 ;0.00 ;0.00 ;24.00 ;0.83
20:08:30 ;0.00 ;0.63 ;0.00 ;0.00 ;37.00 ;0.54
20:08:31 ;0.25 ;0.50 ;0.00 ;0.00 ;189.00 ;1.54
20:08:32 ;0.13 ;0.38 ;0.00 ;0.00 ;32.00 ;0.59
20:08:33 ;0.13 ;0.38 ;0.00 ;0.00 ;39.00 ;0.72
20:08:34 ;0.13 ;0.38 ;0.00 ;0.00 ;48.00 ;0.62
20:08:35 ;0.13 ;0.25 ;0.00 ;0.00 ;31.00 ;0.77
20:08:36 ;0.12 ;0.25 ;0.00 ;0.00 ;32.00 ;0.78
20:08:37 ;0.13 ;0.38 ;0.00 ;0.00 ;51.00 ;0.69
20:08:38 ;0.25 ;0.25 ;0.00 ;0.00 ;62.00 ;0.65
20:08:39 ;0.00 ;0.38 ;0.00 ;0.00 ;22.00 ;0.86
20:08:40 ;0.12 ;0.50 ;0.00 ;0.00 ;30.00 ;0.70
20:08:41 ;0.12 ;0.25 ;0.00 ;0.00 ;31.00 ;0.48
20:08:42 ;0.25 ;0.38 ;0.00 ;0.00 ;288.00 ;2.03
20:08:43 ;0.13 ;0.25 ;0.00 ;0.00 ;46.00 ;0.74
20:08:44 ;0.13 ;0.38 ;0.00 ;0.00 ;57.00 ;0.82
20:08:45 ;0.12 ;0.50 ;0.00 ;0.00 ;26.00 ;1.15
20:08:46 ;0.12 ;0.50 ;0.00 ;0.00 ;21.00 ;0.67
20:08:47 ;0.13 ;0.63 ;0.00 ;0.00 ;49.00 ;0.69
20:08:48 ;0.12 ;0.62 ;0.00 ;0.00 ;27.00 ;0.59
20:08:49 ;0.00 ;0.38 ;0.00 ;0.00 ;17.00 ;0.59
20:08:50 ;0.13 ;0.25 ;0.00 ;0.00 ;41.00 ;0.59
20:08:51 ;0.00 ;0.38 ;0.00 ;0.00 ;17.00 ;0.53
20:08:52 ;0.12 ;0.50 ;0.00 ;0.00 ;27.00 ;0.48
20:08:53 ;0.13 ;0.63 ;0.00 ;0.00 ;206.00 ;1.53
20:08:54 ;0.00 ;0.50 ;0.00 ;0.00 ;21.00 ;0.48
20:08:55 ;0.00 ;0.38 ;0.00 ;0.00 ;12.00 ;1.00
20:08:56 ;0.12 ;0.50 ;0.00 ;0.00 ;28.00 ;0.39
20:08:57 ;0.13 ;0.38 ;0.00 ;0.00 ;52.00 ;0.54
20:08:58 ;0.13 ;0.38 ;0.00 ;0.00 ;21.00 ;0.76
20:08:59 ;0.00 ;0.38 ;0.00 ;0.00 ;26.00 ;0.58
20:09:00 ;0.13 ;0.25 ;0.00 ;0.00 ;32.00 ;0.66
20:09:01 ;0.00 ;0.50 ;0.00 ;0.00 ;9.00 ;0.67
20:09:02 ;0.13 ;0.25 ;0.00 ;0.00 ;21.00 ;0.81
20:09:03 ;0.12 ;0.37 ;0.00 ;0.00 ;51.00 ;0.53
20:09:04 ;0.25 ;0.50 ;0.00 ;0.00 ;40.00 ;0.78
20:09:05 ;0.12 ;0.38 ;0.00 ;0.00 ;32.00 ;0.72
20:09:06 ;0.00 ;0.38 ;0.00 ;0.00 ;27.00 ;0.56
20:09:07 ;0.25 ;0.62 ;0.00 ;0.00 ;55.00 ;0.62
20:09:08 ;0.00 ;0.38 ;0.00 ;0.00 ;32.00 ;0.59
20:09:09 ;0.13 ;0.38 ;0.00 ;0.00 ;31.00 ;0.71
20:09:10 ;0.13 ;0.38 ;0.00 ;0.00 ;33.00 ;0.67
20:09:11 ;0.00 ;0.25 ;0.00 ;0.00 ;22.00 ;0.50
20:09:12 ;0.12 ;0.25 ;0.00 ;0.00 ;53.00 ;1.21
20:09:13 ;0.13 ;0.38 ;0.00 ;0.00 ;46.00 ;0.59
20:09:14 ;0.25 ;0.38 ;0.00 ;0.00 ;273.00 ;1.42
20:09:15 ;0.13 ;0.38 ;0.00 ;0.00 ;31.00 ;0.68
20:09:16 ;0.00 ;0.38 ;0.00 ;0.00 ;14.00 ;0.64
20:09:17 ;0.13 ;0.25 ;0.00 ;0.00 ;54.00 ;0.76
20:09:18 ;0.13 ;0.38 ;0.00 ;0.00 ;22.00 ;0.68
20:09:19 ;0.13 ;0.25 ;0.00 ;0.00 ;25.00 ;1.04
20:09:20 ;0.13 ;0.25 ;0.00 ;0.00 ;41.00 ;0.73
20:09:21 ;0.12 ;0.50 ;0.00 ;0.00 ;32.00 ;0.69
20:09:22 ;0.13 ;0.38 ;0.00 ;0.00 ;48.00 ;0.65
20:09:23 ;0.13 ;0.50 ;0.00 ;0.00 ;51.00 ;0.63
20:09:24 ;0.13 ;0.38 ;0.00 ;0.00 ;34.00 ;0.85
20:09:25 ;0.12 ;0.38 ;0.00 ;0.00 ;212.00 ;1.99
20:09:26 ;0.25 ;0.37 ;0.00 ;0.00 ;50.00 ;1.14
20:09:27 ;0.13 ;0.38 ;0.00 ;0.00 ;29.00 ;0.62
20:09:28 ;0.13 ;0.38 ;0.00 ;0.00 ;46.00 ;0.57
20:09:29 ;0.00 ;0.50 ;0.00 ;0.00 ;37.00 ;0.49
20:09:30 ;0.13 ;0.38 ;0.00 ;0.00 ;41.00 ;0.61
20:09:31 ;0.25 ;0.50 ;0.00 ;0.00 ;143.00 ;1.95
20:09:32 ;0.13 ;0.50 ;0.00 ;0.00 ;54.00 ;0.67
20:09:33 ;0.13 ;0.50 ;0.00 ;0.00 ;32.00 ;0.59
20:09:34 ;0.12 ;0.37 ;0.00 ;0.00 ;36.00 ;0.64
20:09:35 ;0.12 ;0.25 ;0.00 ;0.00 ;25.00 ;0.68
20:09:36 ;0.13 ;0.38 ;0.00 ;0.00 ;195.00 ;1.22
20:09:37 ;0.13 ;0.38 ;0.00 ;0.00 ;23.00 ;0.57
20:09:38 ;0.13 ;0.25 ;0.00 ;0.00 ;43.00 ;0.63
20:09:39 ;0.13 ;0.38 ;0.00 ;0.00 ;26.00 ;0.73
20:09:40 ;0.00 ;0.38 ;0.00 ;0.00 ;14.00 ;0.43
20:09:41 ;0.00 ;0.38 ;0.00 ;0.00 ;14.00 ;0.64
20:09:42 ;0.12 ;0.38 ;0.00 ;0.00 ;217.00 ;2.26
20:09:43 ;0.13 ;0.38 ;0.00 ;0.00 ;44.00 ;0.70
20:09:44 ;0.13 ;0.38 ;0.00 ;0.00 ;29.00 ;0.86
20:09:45 ;0.12 ;0.50 ;0.00 ;0.00 ;23.00 ;0.87
20:09:46 ;0.13 ;0.50 ;0.00 ;0.00 ;27.00 ;0.78
20:09:47 ;0.00 ;0.50 ;0.00 ;0.00 ;39.00 ;0.67
20:09:48 ;0.13 ;0.38 ;0.00 ;0.00 ;47.00 ;0.62
20:09:49 ;0.25 ;0.38 ;0.00 ;0.00 ;189.00 ;1.68
20:09:50 ;0.13 ;0.38 ;0.00 ;0.00 ;39.00 ;0.67
20:09:51 ;0.13 ;0.38 ;0.00 ;0.00 ;18.00 ;0.89
20:09:52 ;0.12 ;0.50 ;0.00 ;0.00 ;35.00 ;1.06
20:09:53 ;0.25 ;0.50 ;0.00 ;0.00 ;46.00 ;0.54
20:09:54 ;0.00 ;0.50 ;0.00 ;0.00 ;9.00 ;0.56
20:09:55 ;0.13 ;0.50 ;0.00 ;0.00 ;54.00 ;0.67
20:09:56 ;0.25 ;0.50 ;0.00 ;0.00 ;57.00 ;0.82
20:09:57 ;0.00 ;0.38 ;0.00 ;0.00 ;25.00 ;0.96
20:09:58 ;0.25 ;0.50 ;0.00 ;0.00 ;50.00 ;0.84
20:09:59 ;0.13 ;0.25 ;0.00 ;0.00 ;190.00 ;1.76
20:10:00 ;0.25 ;0.38 ;0.00 ;0.00 ;41.00 ;0.68
20:10:01 ;0.00 ;0.50 ;0.00 ;0.00 ;23.00 ;0.57
20:10:02 ;0.13 ;0.50 ;0.00 ;0.00 ;41.00 ;0.63
20:10:03 ;0.13 ;0.38 ;0.00 ;0.00 ;44.00 ;0.59
20:10:04 ;0.12 ;0.50 ;0.00 ;0.00 ;15.00 ;0.60
20:10:05 ;0.13 ;0.38 ;0.00 ;0.00 ;41.00 ;0.73
20:10:06 ;0.12 ;0.50 ;0.00 ;0.00 ;16.00 ;0.75
20:10:07 ;0.12 ;0.50 ;0.00 ;0.00 ;32.00 ;0.66
20:10:08 ;0.13 ;0.38 ;0.00 ;0.00 ;46.00 ;0.63
20:10:09 ;0.00 ;0.25 ;0.00 ;0.00 ;26.00 ;0.50
20:10:10 ;0.12 ;0.25 ;0.00 ;0.00 ;22.00 ;0.64
20:10:11 ;0.13 ;0.38 ;0.00 ;0.00 ;222.00 ;1.37
20:10:12 ;0.13 ;0.38 ;0.00 ;0.00 ;82.00 ;0.95
20:10:13 ;0.12 ;0.37 ;0.00 ;0.00 ;30.00 ;0.63
20:10:14 ;0.13 ;0.50 ;0.00 ;0.00 ;44.00 ;0.70
20:10:15 ;0.25 ;0.25 ;0.00 ;0.00 ;51.00 ;0.80
20:10:16 ;0.00 ;0.38 ;0.00 ;0.00 ;22.00 ;0.55
20:10:17 ;0.12 ;0.38 ;0.00 ;0.00 ;34.00 ;0.88
20:10:18 ;0.13 ;0.38 ;0.00 ;0.00 ;31.00 ;0.68
20:10:19 ;0.25 ;0.38 ;0.00 ;0.00 ;206.00 ;2.52
20:10:20 ;0.13 ;0.50 ;0.00 ;0.00 ;27.00 ;0.78
20:10:21 ;0.25 ;0.37 ;0.00 ;0.00 ;47.00 ;0.79
20:10:22 ;0.88 ;0.25 ;0.00 ;0.00 ;49.00 ;2.86
20:10:23 ;0.13 ;0.38 ;0.00 ;0.00 ;19.00 ;1.37
20:10:24 ;0.13 ;0.25 ;0.00 ;0.00 ;45.00 ;0.58
20:10:25 ;0.12 ;0.37 ;0.00 ;0.00 ;34.00 ;0.71
20:10:26 ;0.25 ;0.38 ;0.00 ;0.00 ;86.00 ;0.78
20:10:27 ;0.25 ;0.38 ;0.00 ;0.00 ;66.00 ;0.68
20:10:28 ;0.12 ;0.50 ;0.00 ;0.00 ;44.00 ;0.68
20:10:29 ;0.00 ;0.25 ;0.00 ;0.00 ;21.00 ;0.52
20:10:30 ;0.13 ;0.38 ;0.00 ;0.00 ;40.00 ;0.65
20:10:31 ;0.25 ;0.13 ;0.00 ;0.00 ;44.00 ;0.75
20:10:32 ;0.12 ;0.38 ;0.00 ;0.00 ;212.00 ;1.55
20:10:33 ;0.13 ;0.50 ;0.00 ;0.00 ;27.00 ;0.70
20:10:34 ;0.00 ;0.50 ;0.00 ;0.00 ;15.84 ;0.81
20:10:35 ;0.00 ;0.38 ;0.00 ;0.00 ;27.00 ;0.59
20:10:36 ;0.13 ;0.50 ;0.00 ;0.00 ;12.00 ;0.67
20:10:37 ;0.13 ;0.38 ;0.00 ;0.00 ;186.00 ;1.61
20:10:38 ;0.13 ;0.38 ;0.00 ;0.00 ;40.00 ;0.62
20:10:39 ;0.13 ;0.38 ;0.00 ;0.00 ;22.00 ;0.59
20:10:40 ;0.13 ;0.50 ;0.00 ;0.00 ;41.00 ;0.73
20:10:41 ;0.12 ;0.62 ;0.00 ;0.00 ;21.00 ;0.52
20:10:42 ;0.12 ;0.37 ;0.00 ;0.00 ;61.00 ;0.87
20:10:43 ;0.13 ;0.63 ;0.00 ;0.00 ;24.00 ;0.71
20:10:44 ;0.13 ;0.50 ;0.00 ;0.00 ;47.00 ;0.60
20:10:45 ;0.13 ;0.25 ;0.00 ;0.00 ;21.00 ;0.71
20:10:46 ;0.00 ;0.38 ;0.00 ;0.00 ;16.00 ;0.94
20:10:47 ;0.75 ;0.37 ;0.00 ;0.00 ;51.00 ;1.98
20:10:48 ;0.25 ;0.38 ;0.00 ;0.00 ;254.00 ;1.69
20:10:49 ;0.13 ;0.50 ;0.00 ;0.00 ;29.00 ;1.38
20:10:50 ;0.25 ;0.50 ;0.00 ;0.00 ;49.00 ;0.71
20:10:51 ;0.13 ;0.38 ;0.00 ;0.00 ;29.00 ;0.83
20:10:52 ;0.13 ;0.50 ;0.00 ;0.00 ;36.00 ;0.67
20:10:53 ;0.13 ;0.50 ;0.00 ;0.00 ;37.00 ;0.68
20:10:54 ;0.13 ;0.38 ;0.00 ;0.00 ;37.00 ;0.57
20:10:55 ;0.00 ;0.37 ;0.00 ;0.00 ;21.00 ;0.81
20:10:56 ;0.13 ;0.50 ;0.00 ;0.00 ;25.00 ;0.88
20:10:57 ;0.12 ;0.37 ;0.00 ;0.00 ;39.00 ;0.59
20:10:58 ;0.12 ;0.62 ;0.00 ;0.00 ;29.00 ;0.76
20:10:59 ;0.13 ;0.38 ;0.00 ;0.00 ;198.00 ;1.75
20:11:00 ;0.12 ;0.62 ;0.00 ;0.00 ;34.00 ;0.68
20:11:01 ;0.00 ;0.50 ;0.00 ;0.00 ;25.00 ;0.64
20:11:02 ;0.12 ;0.50 ;0.00 ;0.00 ;31.00 ;0.77
20:11:03 ;0.12 ;0.62 ;0.00 ;0.00 ;25.00 ;0.60
20:11:04 ;0.12 ;0.38 ;0.00 ;0.00 ;23.00 ;0.74
20:11:05 ;0.00 ;0.38 ;0.00 ;0.00 ;20.00 ;0.70
20:11:06 ;0.12 ;0.38 ;0.00 ;0.00 ;48.00 ;0.69
20:11:07 ;0.12 ;0.25 ;0.00 ;0.00 ;28.00 ;0.68
20:11:08 ;0.12 ;0.50 ;0.00 ;0.00 ;23.00 ;0.74
20:11:09 ;0.13 ;0.38 ;0.00 ;0.00 ;20.00 ;0.50
20:11:10 ;0.12 ;0.50 ;0.00 ;0.00 ;44.00 ;0.68
20:11:11 ;0.13 ;0.63 ;0.00 ;0.00 ;31.00 ;0.74
20:11:12 ;0.00 ;0.50 ;0.00 ;0.00 ;22.00 ;0.68
20:11:13 ;0.13 ;0.50 ;0.00 ;0.00 ;65.00 ;0.94
20:11:14 ;0.12 ;0.50 ;0.00 ;0.00 ;27.00 ;1.26
20:11:15 ;0.12 ;0.38 ;0.00 ;0.00 ;16.00 ;0.56
20:11:16 ;0.13 ;0.50 ;0.00 ;0.00 ;32.00 ;0.69
20:11:17 ;0.12 ;0.75 ;0.00 ;0.00 ;38.00 ;0.47
20:11:18 ;0.00 ;0.63 ;0.00 ;0.00 ;25.00 ;0.56
20:11:19 ;0.12 ;0.50 ;0.00 ;0.00 ;32.00 ;1.16
20:11:20 ;0.25 ;0.50 ;0.00 ;0.00 ;39.00 ;0.92
20:11:21 ;0.00 ;0.50 ;0.00 ;0.00 ;27.00 ;0.74
20:11:22 ;0.13 ;0.50 ;0.00 ;0.00 ;20.00 ;0.60
20:11:23 ;0.13 ;0.50 ;0.00 ;0.00 ;37.00 ;0.57
20:11:24 ;0.00 ;0.50 ;0.00 ;0.00 ;21.00 ;0.57
20:11:25 ;0.00 ;0.50 ;0.00 ;0.00 ;8.00 ;0.62
20:11:26 ;0.13 ;0.50 ;0.00 ;0.00 ;35.00 ;0.69
20:11:27 ;0.12 ;0.50 ;0.00 ;0.00 ;28.00 ;0.64
20:11:28 ;0.12 ;0.75 ;0.00 ;0.00 ;22.00 ;0.50
20:11:29 ;0.00 ;0.50 ;0.00 ;0.00 ;17.00 ;0.47
20:11:30 ;0.25 ;0.38 ;0.00 ;0.00 ;282.00 ;3.25
20:11:31 ;0.00 ;0.38 ;0.00 ;0.00 ;16.00 ;0.56
20:11:32 ;0.25 ;0.50 ;0.00 ;0.00 ;50.00 ;0.74
20:11:33 ;0.13 ;0.50 ;0.00 ;0.00 ;40.00 ;0.72
20:11:34 ;0.12 ;0.37 ;0.00 ;0.00 ;28.00 ;0.57
20:11:35 ;0.00 ;0.38 ;0.00 ;0.00 ;58.00 ;1.10
20:11:36 ;0.50 ;0.38 ;0.00 ;0.00 ;190.00 ;0.96
20:11:37 ;0.00 ;0.50 ;0.00 ;0.00 ;28.00 ;0.61
20:11:38 ;0.25 ;0.38 ;0.00 ;0.00 ;55.00 ;0.67
20:11:39 ;0.12 ;0.50 ;0.00 ;0.00 ;22.00 ;0.64
20:11:40 ;0.13 ;0.38 ;0.00 ;0.00 ;48.00 ;0.73
20:11:41 ;0.13 ;0.38 ;0.00 ;0.00 ;30.00 ;0.73
20:11:42 ;0.12 ;0.37 ;0.00 ;0.00 ;45.00 ;0.62
20:11:43 ;0.13 ;0.38 ;0.00 ;0.00 ;79.00 ;0.68
20:11:44 ;0.25 ;0.25 ;0.00 ;0.00 ;39.00 ;0.72
20:11:45 ;0.13 ;0.63 ;0.00 ;0.00 ;250.00 ;2.04
20:11:46 ;0.13 ;0.38 ;0.00 ;0.00 ;32.00 ;0.62
20:11:47 ;0.12 ;0.62 ;0.00 ;0.00 ;25.00 ;0.52
20:11:48 ;0.00 ;0.38 ;0.00 ;0.00 ;17.00 ;0.65
20:11:49 ;0.12 ;0.37 ;0.00 ;0.00 ;33.00 ;0.73
20:11:50 ;0.12 ;0.38 ;0.00 ;0.00 ;35.00 ;0.94
20:11:51 ;0.12 ;0.37 ;0.00 ;0.00 ;35.00 ;0.51
20:11:52 ;0.00 ;0.50 ;0.00 ;0.00 ;16.00 ;0.62
20:11:53 ;0.13 ;0.38 ;0.00 ;0.00 ;43.00 ;0.60
20:11:54 ;0.13 ;0.63 ;0.00 ;0.00 ;33.00 ;0.82
20:11:55 ;0.00 ;0.38 ;0.00 ;0.00 ;7.00 ;0.57
20:11:56 ;0.00 ;0.75 ;0.00 ;0.00 ;14.00 ;0.50
20:11:57 ;0.13 ;0.38 ;0.00 ;0.00 ;205.00 ;1.77
20:11:58 ;0.13 ;0.38 ;0.00 ;0.00 ;31.00 ;0.61
20:11:59 ;0.13 ;0.25 ;0.00 ;0.00 ;20.00 ;0.75
20:12:00 ;0.13 ;0.38 ;0.00 ;0.00 ;33.00 ;0.67
20:12:01 ;0.13 ;0.50 ;0.00 ;0.00 ;50.00 ;0.54
20:12:02 ;0.13 ;0.38 ;0.00 ;0.00 ;36.00 ;0.61
20:12:03 ;0.13 ;0.63 ;0.00 ;0.00 ;33.00 ;0.70
20:12:04 ;0.00 ;0.50 ;0.00 ;0.00 ;13.00 ;0.62
20:12:05 ;0.13 ;0.38 ;0.00 ;0.00 ;40.00 ;0.62
20:12:06 ;0.13 ;0.38 ;0.00 ;0.00 ;45.00 ;0.69
20:12:07 ;0.12 ;0.75 ;0.00 ;0.00 ;35.00 ;0.54
20:12:08 ;0.25 ;0.63 ;0.00 ;0.00 ;238.00 ;1.74
20:12:09 ;0.13 ;0.25 ;0.00 ;0.00 ;38.00 ;0.63
20:12:10 ;0.13 ;0.38 ;0.00 ;0.00 ;47.00 ;0.57
20:12:11 ;0.13 ;0.25 ;0.00 ;0.00 ;33.00 ;0.52
20:12:12 ;0.13 ;0.25 ;0.00 ;0.00 ;48.00 ;0.58
20:12:13 ;0.12 ;0.50 ;0.00 ;0.00 ;62.00 ;0.82
20:12:14 ;0.00 ;0.25 ;0.00 ;0.00 ;14.00 ;0.57
20:12:15 ;0.12 ;0.37 ;0.00 ;0.00 ;41.00 ;0.56
20:12:16 ;0.13 ;0.38 ;0.00 ;0.00 ;43.00 ;0.65
20:12:17 ;0.13 ;0.38 ;0.00 ;0.00 ;28.00 ;0.75
20:12:18 ;0.00 ;0.50 ;0.00 ;0.00 ;42.00 ;0.79
20:12:19 ;0.25 ;0.50 ;0.00 ;0.00 ;211.00 ;1.66
20:12:20 ;0.00 ;0.50 ;0.00 ;0.00 ;43.00 ;0.63
20:12:21 ;0.25 ;0.38 ;0.00 ;0.00 ;56.00 ;0.86
20:12:22 ;0.00 ;0.38 ;0.00 ;0.00 ;31.00 ;0.58
20:12:23 ;0.13 ;0.38 ;0.00 ;0.00 ;23.00 ;0.74
20:12:24 ;0.13 ;0.38 ;0.00 ;0.00 ;35.00 ;0.63
20:12:25 ;0.13 ;0.38 ;0.00 ;0.00 ;24.00 ;0.83
20:12:26 ;0.00 ;0.50 ;0.00 ;0.00 ;28.00 ;0.54
20:12:27 ;0.13 ;0.50 ;0.00 ;0.00 ;34.00 ;0.76
20:12:28 ;0.25 ;0.50 ;0.00 ;0.00 ;69.00 ;0.54
20:12:29 ;0.12 ;0.50 ;0.00 ;0.00 ;170.00 ;1.72
20:12:30 ;0.00 ;0.38 ;0.00 ;0.00 ;14.00 ;0.79
20:12:31 ;0.12 ;0.50 ;0.00 ;0.00 ;50.00 ;0.56
20:12:32 ;0.13 ;0.38 ;0.00 ;0.00 ;56.00 ;0.61
20:12:33 ;0.12 ;0.50 ;0.00 ;0.00 ;32.00 ;0.56
20:12:34 ;0.13 ;0.25 ;0.00 ;0.00 ;38.00 ;0.61
20:12:35 ;0.12 ;0.38 ;0.00 ;0.00 ;63.00 ;0.62
20:12:36 ;0.25 ;0.38 ;0.00 ;0.00 ;46.00 ;0.78
20:12:37 ;0.00 ;0.38 ;0.00 ;0.00 ;25.00 ;0.72
20:12:38 ;0.12 ;0.38 ;0.00 ;0.00 ;36.00 ;0.50
20:12:39 ;0.13 ;0.38 ;0.00 ;0.00 ;22.00 ;0.59
20:12:40 ;0.00 ;0.50 ;0.00 ;0.00 ;10.00 ;0.70
20:12:41 ;0.12 ;0.62 ;0.00 ;0.00 ;257.00 ;1.78
20:12:42 ;0.25 ;0.50 ;0.00 ;0.00 ;61.00 ;0.62
20:12:43 ;0.00 ;0.50 ;0.00 ;0.00 ;76.00 ;0.89
20:12:44 ;0.12 ;0.50 ;0.00 ;0.00 ;23.00 ;0.57
20:12:45 ;0.00 ;0.25 ;0.00 ;0.00 ;28.00 ;0.54
20:12:46 ;0.12 ;0.25 ;0.00 ;0.00 ;24.00 ;0.67
20:12:47 ;0.00 ;0.38 ;0.00 ;0.00 ;21.00 ;0.57
20:12:48 ;0.25 ;0.25 ;0.00 ;0.00 ;43.00 ;0.74
20:12:49 ;0.13 ;0.38 ;0.00 ;0.00 ;36.00 ;0.67
20:12:50 ;0.00 ;0.25 ;0.00 ;0.00 ;31.00 ;0.55
20:12:51 ;0.25 ;0.37 ;0.00 ;0.00 ;45.00 ;0.93
20:12:52 ;0.13 ;0.25 ;0.00 ;0.00 ;69.00 ;0.67
20:12:53 ;0.13 ;0.38 ;0.00 ;0.00 ;37.00 ;0.62
20:12:54 ;0.12 ;0.25 ;0.00 ;0.00 ;25.00 ;0.60
20:12:55 ;0.00 ;0.25 ;0.00 ;0.00 ;24.00 ;0.71
20:12:56 ;0.12 ;0.37 ;0.00 ;0.00 ;22.00 ;0.91
20:12:57 ;0.25 ;0.25 ;0.00 ;0.00 ;50.00 ;0.68
20:12:58 ;0.13 ;0.38 ;0.00 ;0.00 ;42.00 ;0.69
20:12:59 ;0.00 ;0.50 ;0.00 ;0.00 ;23.00 ;0.65
20:13:00 ;0.13 ;0.38 ;0.00 ;0.00 ;40.00 ;0.72
20:13:01 ;0.13 ;0.38 ;0.00 ;0.00 ;54.00 ;0.57
20:13:02 ;0.25 ;0.38 ;0.00 ;0.00 ;46.00 ;0.72
20:13:03 ;0.12 ;0.50 ;0.00 ;0.00 ;59.00 ;0.59
20:13:04 ;0.13 ;0.38 ;0.00 ;0.00 ;44.00 ;0.61
20:13:05 ;0.12 ;0.50 ;0.00 ;0.00 ;27.00 ;0.67
20:13:06 ;0.13 ;0.38 ;0.00 ;0.00 ;23.00 ;0.57
20:13:07 ;0.00 ;0.62 ;0.00 ;0.00 ;19.00 ;0.53
20:13:08 ;0.13 ;0.50 ;0.00 ;0.00 ;41.00 ;0.51
20:13:09 ;0.13 ;0.38 ;0.00 ;0.00 ;21.00 ;0.76
20:13:10 ;0.00 ;0.50 ;0.00 ;0.00 ;9.00 ;0.67
20:13:11 ;0.13 ;0.50 ;0.00 ;0.00 ;47.00 ;0.66
20:13:12 ;0.13 ;0.50 ;0.00 ;0.00 ;292.00 ;1.85
20:13:13 ;0.25 ;0.50 ;0.00 ;0.00 ;85.00 ;0.85
20:13:14 ;0.13 ;0.50 ;0.00 ;0.00 ;56.00 ;0.73
20:13:15 ;0.00 ;0.13 ;0.00 ;0.00 ;36.00 ;0.56
20:13:16 ;0.00 ;0.25 ;0.00 ;0.00 ;49.00 ;0.88
20:13:17 ;0.13 ;0.13 ;1.00 ;3.00 ;34.00 ;0.53
20:13:18 ;0.00 ;0.25 ;0.00 ;0.00 ;54.00 ;0.70
20:13:19 ;0.00 ;0.13 ;0.00 ;0.00 ;33.00 ;0.58
20:13:20 ;0.13 ;0.13 ;0.00 ;0.00 ;16.00 ;0.62
20:13:21 ;0.00 ;0.38 ;0.00 ;0.00 ;38.00 ;0.55
20:13:22 ;0.13 ;0.50 ;0.00 ;0.00 ;109.00 ;1.65
20:13:23 ;0.13 ;0.38 ;0.00 ;0.00 ;63.00 ;0.97
20:13:24 ;0.13 ;0.38 ;0.00 ;0.00 ;56.00 ;0.62
20:13:25 ;0.00 ;0.25 ;0.00 ;0.00 ;14.00 ;0.57
20:13:26 ;0.37 ;0.75 ;0.00 ;0.00 ;52.00 ;1.42
20:13:27 ;0.00 ;0.75 ;0.00 ;0.00 ;30.00 ;0.60
20:13:28 ;0.13 ;0.63 ;0.00 ;0.00 ;31.00 ;0.58
20:13:29 ;0.13 ;0.25 ;0.00 ;0.00 ;28.00 ;0.50
20:13:30 ;0.13 ;0.50 ;0.00 ;0.00 ;50.00 ;0.68
20:13:31 ;0.13 ;0.25 ;0.00 ;0.00 ;32.00 ;1.00
20:13:32 ;0.13 ;0.38 ;0.00 ;0.00 ;35.00 ;0.77
20:13:33 ;0.25 ;0.38 ;0.00 ;0.00 ;53.00 ;0.68
20:13:34 ;0.13 ;0.38 ;0.00 ;0.00 ;38.00 ;0.76
20:13:35 ;0.00 ;0.62 ;0.00 ;0.00 ;15.00 ;1.07
20:13:36 ;0.13 ;0.63 ;0.00 ;0.00 ;23.00 ;0.52
20:13:37 ;0.25 ;0.75 ;0.00 ;0.00 ;275.00 ;3.31
20:13:38 ;0.13 ;0.75 ;0.00 ;0.00 ;100.00 ;3.60
20:13:39 ;0.12 ;0.87 ;0.00 ;0.00 ;28.00 ;0.64
20:13:40 ;0.00 ;0.50 ;0.00 ;0.00 ;15.00 ;1.00
20:13:41 ;0.12 ;0.50 ;0.00 ;0.00 ;19.00 ;0.68
20:13:42 ;0.00 ;0.50 ;0.00 ;0.00 ;31.00 ;0.61
20:13:43 ;0.25 ;0.62 ;0.00 ;0.00 ;47.00 ;0.70
20:13:44 ;0.12 ;0.62 ;0.00 ;0.00 ;57.00 ;1.04
20:13:45 ;0.00 ;0.75 ;0.00 ;0.00 ;33.00 ;0.70
20:13:46 ;0.12 ;0.50 ;0.00 ;0.00 ;24.00 ;0.54
20:13:47 ;0.13 ;0.50 ;0.00 ;0.00 ;30.00 ;0.70
20:13:48 ;0.12 ;0.75 ;0.00 ;0.00 ;11.00 ;0.73
20:13:49 ;0.12 ;0.50 ;0.00 ;0.00 ;202.00 ;1.38
20:13:50 ;0.13 ;0.38 ;0.00 ;0.00 ;37.00 ;0.70
20:13:51 ;0.00 ;0.38 ;0.00 ;0.00 ;22.00 ;0.73
20:13:52 ;0.25 ;0.63 ;0.00 ;0.00 ;36.00 ;0.81
20:13:53 ;0.13 ;0.51 ;0.00 ;0.00 ;89.00 ;0.96
20:13:54 ;0.25 ;0.25 ;0.00 ;0.00 ;65.00 ;1.14
20:13:55 ;0.13 ;0.75 ;0.00 ;0.00 ;30.00 ;0.57
20:13:56 ;0.25 ;0.50 ;0.00 ;0.00 ;47.00 ;0.98
20:13:57 ;0.13 ;0.63 ;0.00 ;0.00 ;55.00 ;0.64
20:13:58 ;0.13 ;0.63 ;0.00 ;0.00 ;25.00 ;0.56
20:13:59 ;0.50 ;0.63 ;0.00 ;0.00 ;95.00 ;2.09
20:14:00 ;0.13 ;0.63 ;0.00 ;0.00 ;112.00 ;2.48
20:14:01 ;0.00 ;0.63 ;0.00 ;0.00 ;7.00 ;0.57
20:14:02 ;0.25 ;0.50 ;0.00 ;0.00 ;35.00 ;1.14
20:14:03 ;0.13 ;0.63 ;0.00 ;0.00 ;59.00 ;0.63
20:14:04 ;0.12 ;0.75 ;0.00 ;0.00 ;31.00 ;0.58
20:14:05 ;0.00 ;0.63 ;0.00 ;0.00 ;28.00 ;0.64
20:14:06 ;0.25 ;1.00 ;0.00 ;0.00 ;176.00 ;1.81
20:14:07 ;0.12 ;0.75 ;0.00 ;0.00 ;39.00 ;0.54
20:14:08 ;0.12 ;0.50 ;0.00 ;0.00 ;31.00 ;0.61
20:14:09 ;0.13 ;0.50 ;0.00 ;0.00 ;32.00 ;0.72
20:14:10 ;0.00 ;0.38 ;0.00 ;0.00 ;15.00 ;0.60
20:14:11 ;0.13 ;0.38 ;0.00 ;0.00 ;147.00 ;1.50
20:14:12 ;0.12 ;0.62 ;0.00 ;0.00 ;46.00 ;0.50
20:14:13 ;0.13 ;0.50 ;0.00 ;0.00 ;51.00 ;0.82
20:14:14 ;0.13 ;0.50 ;0.00 ;0.00 ;56.00 ;1.04
20:14:15 ;0.13 ;0.50 ;0.00 ;0.00 ;31.00 ;0.84
20:14:16 ;0.25 ;0.50 ;0.00 ;0.00 ;47.00 ;0.98
20:14:17 ;0.13 ;0.38 ;0.00 ;0.00 ;142.00 ;1.46
20:14:18 ;0.13 ;0.38 ;0.00 ;0.00 ;30.00 ;0.67
20:14:19 ;0.13 ;0.38 ;0.00 ;0.00 ;29.00 ;0.90
20:14:20 ;0.13 ;0.38 ;0.00 ;0.00 ;34.00 ;0.82
20:14:21 ;0.25 ;0.37 ;0.00 ;0.00 ;34.00 ;1.24
20:14:22 ;0.38 ;0.50 ;0.00 ;0.00 ;36.00 ;2.11
20:14:23 ;0.25 ;0.50 ;0.00 ;0.00 ;46.00 ;0.59
20:14:24 ;0.13 ;0.38 ;0.00 ;0.00 ;198.00 ;1.80
20:14:25 ;0.13 ;0.38 ;0.00 ;0.00 ;27.00 ;0.63
20:14:26 ;0.13 ;0.38 ;0.00 ;0.00 ;16.00 ;0.69
20:14:27 ;0.13 ;0.38 ;0.00 ;0.00 ;40.00 ;0.80
20:14:28 ;0.00 ;0.38 ;0.00 ;0.00 ;11.00 ;1.09
20:14:29 ;0.13 ;0.25 ;0.00 ;0.00 ;12.00 ;0.58
20:14:30 ;0.13 ;0.38 ;0.00 ;0.00 ;143.00 ;2.14
20:14:31 ;0.12 ;0.38 ;0.00 ;0.00 ;26.00 ;0.73
20:14:32 ;0.13 ;0.38 ;0.00 ;0.00 ;33.00 ;0.58
20:14:33 ;0.12 ;0.50 ;0.00 ;0.00 ;33.00 ;0.67
20:14:34 ;0.37 ;0.50 ;0.00 ;0.00 ;31.00 ;1.87
20:14:35 ;0.12 ;0.62 ;0.00 ;0.00 ;187.00 ;1.73
20:14:36 ;0.25 ;0.63 ;0.00 ;0.00 ;29.00 ;0.86
20:14:37 ;0.13 ;0.38 ;0.00 ;0.00 ;24.00 ;1.17
20:14:38 ;0.00 ;0.25 ;0.00 ;0.00 ;21.00 ;0.86
20:14:39 ;0.25 ;0.37 ;0.00 ;0.00 ;45.00 ;0.76
20:14:40 ;0.00 ;0.62 ;0.00 ;0.00 ;15.00 ;0.73
20:14:41 ;0.13 ;0.63 ;0.00 ;0.00 ;54.00 ;0.65
20:14:42 ;0.13 ;0.63 ;0.00 ;0.00 ;36.00 ;0.67
20:14:43 ;0.25 ;0.50 ;0.00 ;0.00 ;42.00 ;0.74
20:14:44 ;0.13 ;0.50 ;0.00 ;0.00 ;59.00 ;0.81
20:14:45 ;0.13 ;0.38 ;0.00 ;0.00 ;38.00 ;0.66
20:14:46 ;0.13 ;0.38 ;0.00 ;0.00 ;41.00 ;0.61
20:14:47 ;0.25 ;0.25 ;0.00 ;0.00 ;264.00 ;1.71
20:14:48 ;0.13 ;0.38 ;0.00 ;0.00 ;62.00 ;0.65
20:14:49 ;0.13 ;0.38 ;0.00 ;0.00 ;18.00 ;1.11
20:14:50 ;0.12 ;0.38 ;0.00 ;0.00 ;24.00 ;0.58
20:14:51 ;0.00 ;0.38 ;0.00 ;0.00 ;28.00 ;0.61
20:14:52 ;0.13 ;0.50 ;0.00 ;0.00 ;32.00 ;0.56
20:14:53 ;0.13 ;0.50 ;0.00 ;0.00 ;46.00 ;0.78
20:14:54 ;0.13 ;0.50 ;0.00 ;0.00 ;30.00 ;0.63
20:14:55 ;0.12 ;0.50 ;0.00 ;0.00 ;23.00 ;1.61
20:14:56 ;0.13 ;0.38 ;0.00 ;0.00 ;42.00 ;0.71
20:14:57 ;0.13 ;0.13 ;0.00 ;0.00 ;79.00 ;0.67
20:14:58 ;0.00 ;0.13 ;0.00 ;0.00 ;48.00 ;0.65
20:14:59 ;0.13 ;0.25 ;0.00 ;0.00 ;36.00 ;0.61
20:15:00 ;0.25 ;0.50 ;0.00 ;0.00 ;53.00 ;0.85
20:15:01 ;0.38 ;0.63 ;0.00 ;0.00 ;88.00 ;0.84
20:15:02 ;0.25 ;0.62 ;0.00 ;0.00 ;78.00 ;0.77
20:15:03 ;0.25 ;0.75 ;0.00 ;0.00 ;51.00 ;0.73
20:15:04 ;0.38 ;0.38 ;0.00 ;0.00 ;81.00 ;0.96
20:15:05 ;0.25 ;0.25 ;0.00 ;0.00 ;49.00 ;0.88
20:15:06 ;0.00 ;0.38 ;0.00 ;0.00 ;34.00 ;0.65
20:15:07 ;0.38 ;0.25 ;0.00 ;0.00 ;56.00 ;0.79
20:15:08 ;0.13 ;0.50 ;0.00 ;0.00 ;45.00 ;0.84
20:15:09 ;0.13 ;0.38 ;0.00 ;0.00 ;32.00 ;0.81
20:15:10 ;0.25 ;0.63 ;0.00 ;0.00 ;59.00 ;1.15
20:15:11 ;0.13 ;0.50 ;0.00 ;0.00 ;36.00 ;0.69
20:15:12 ;0.00 ;0.63 ;0.00 ;0.00 ;24.00 ;0.58
20:15:13 ;0.25 ;0.38 ;0.00 ;0.00 ;53.00 ;0.72
20:15:14 ;0.13 ;0.50 ;0.00 ;0.00 ;73.00 ;0.96
20:15:15 ;0.25 ;0.38 ;0.00 ;0.00 ;52.00 ;0.73
20:15:16 ;0.13 ;0.38 ;0.00 ;0.00 ;37.00 ;0.89
20:15:17 ;0.25 ;0.38 ;0.00 ;0.00 ;45.00 ;0.80
20:15:18 ;0.25 ;0.50 ;0.00 ;0.00 ;401.00 ;2.92
20:15:19 ;0.13 ;0.38 ;0.00 ;0.00 ;49.00 ;1.20
20:15:20 ;0.12 ;0.62 ;0.00 ;0.00 ;28.00 ;1.00
20:15:21 ;0.13 ;0.38 ;0.00 ;0.00 ;45.00 ;0.67
20:15:22 ;0.13 ;0.38 ;0.00 ;0.00 ;28.00 ;0.54
20:15:23 ;0.13 ;0.50 ;0.00 ;0.00 ;35.00 ;0.63
20:15:24 ;0.12 ;0.62 ;0.00 ;0.00 ;53.00 ;0.66
20:15:25 ;0.13 ;0.38 ;0.00 ;0.00 ;37.00 ;0.54
20:15:26 ;0.13 ;0.13 ;0.00 ;0.00 ;68.00 ;0.65
20:15:27 ;0.25 ;0.25 ;0.00 ;0.00 ;74.00 ;0.77
20:15:28 ;0.25 ;0.38 ;0.00 ;0.00 ;64.00 ;0.73
20:15:29 ;0.00 ;0.25 ;0.00 ;0.00 ;64.00 ;0.61
20:15:30 ;0.25 ;0.63 ;0.00 ;0.00 ;64.00 ;0.78
20:15:31 ;0.25 ;0.50 ;0.00 ;0.00 ;56.00 ;0.95
20:15:32 ;0.12 ;0.62 ;0.00 ;0.00 ;25.00 ;0.68
20:15:33 ;0.25 ;0.63 ;0.00 ;0.00 ;71.00 ;0.94
20:15:34 ;0.25 ;0.38 ;0.00 ;0.00 ;281.00 ;2.73
20:15:35 ;0.13 ;0.63 ;0.00 ;0.00 ;25.00 ;0.68
20:15:36 ;0.12 ;0.87 ;0.00 ;0.00 ;64.00 ;0.66
20:15:37 ;0.25 ;1.12 ;0.00 ;0.00 ;57.00 ;0.70
20:15:38 ;0.00 ;0.75 ;0.00 ;0.00 ;30.00 ;0.57
20:15:39 ;0.50 ;0.75 ;0.00 ;0.00 ;41.00 ;3.10
20:15:40 ;0.25 ;0.75 ;0.00 ;0.00 ;45.00 ;1.22
20:15:41 ;0.12 ;0.75 ;0.00 ;0.00 ;44.00 ;1.25
20:15:42 ;0.12 ;0.62 ;0.00 ;0.00 ;29.00 ;0.76
20:15:43 ;0.13 ;0.63 ;0.00 ;0.00 ;50.00 ;0.62
20:15:44 ;0.13 ;0.38 ;0.00 ;0.00 ;78.00 ;1.12
20:15:45 ;0.13 ;0.38 ;0.00 ;0.00 ;36.00 ;0.64
20:15:46 ;0.13 ;0.38 ;0.00 ;0.00 ;27.00 ;0.81
20:15:47 ;0.12 ;0.50 ;0.00 ;0.00 ;40.00 ;0.47
20:15:48 ;0.13 ;0.50 ;0.00 ;0.00 ;43.00 ;0.60
20:15:49 ;0.13 ;0.63 ;0.00 ;0.00 ;39.00 ;0.77
20:15:50 ;0.12 ;0.62 ;0.00 ;0.00 ;33.00 ;0.64
20:15:51 ;0.00 ;0.75 ;0.00 ;0.00 ;21.00 ;0.52
20:15:52 ;0.25 ;0.62 ;0.00 ;0.00 ;49.00 ;0.80
20:15:53 ;0.00 ;0.75 ;0.00 ;0.00 ;19.00 ;0.58
20:15:54 ;0.13 ;0.63 ;0.00 ;0.00 ;41.58 ;0.71
20:15:55 ;0.25 ;0.38 ;0.00 ;0.00 ;54.00 ;0.72
20:15:56 ;0.00 ;0.63 ;0.00 ;0.00 ;21.00 ;0.57
20:15:57 ;0.25 ;0.38 ;0.00 ;0.00 ;43.00 ;0.79
20:15:58 ;0.12 ;0.38 ;0.00 ;0.00 ;28.00 ;0.82
20:15:59 ;0.00 ;0.25 ;0.00 ;0.00 ;41.00 ;0.59
20:16:00 ;0.25 ;0.25 ;0.00 ;0.00 ;49.00 ;0.65
20:16:01 ;0.00 ;0.38 ;0.00 ;0.00 ;14.00 ;0.57
20:16:02 ;0.25 ;0.50 ;0.00 ;0.00 ;48.00 ;0.67
20:16:03 ;0.13 ;0.50 ;0.00 ;0.00 ;38.00 ;0.66
20:16:04 ;0.12 ;0.38 ;0.00 ;0.00 ;40.00 ;0.78
20:16:05 ;0.13 ;0.38 ;0.00 ;0.00 ;274.00 ;2.04
20:16:06 ;0.12 ;0.62 ;0.00 ;0.00 ;43.00 ;0.65
20:16:07 ;0.13 ;0.38 ;0.00 ;0.00 ;35.00 ;0.57
20:16:08 ;0.13 ;0.38 ;0.00 ;0.00 ;21.00 ;0.86
20:16:09 ;0.00 ;0.38 ;0.00 ;0.00 ;7.00 ;0.57
20:16:10 ;0.13 ;0.38 ;0.00 ;0.00 ;127.00 ;1.35
20:16:11 ;0.13 ;0.25 ;0.00 ;0.00 ;20.00 ;0.80
20:16:12 ;0.00 ;0.25 ;0.00 ;0.00 ;20.00 ;1.25
20:16:13 ;0.25 ;0.38 ;0.00 ;0.00 ;64.00 ;0.62
20:16:14 ;0.00 ;0.37 ;0.00 ;0.00 ;13.00 ;0.46
20:16:15 ;0.13 ;0.25 ;0.00 ;0.00 ;52.00 ;0.92
20:16:16 ;0.00 ;0.38 ;0.00 ;0.00 ;30.00 ;0.63
20:16:17 ;0.12 ;0.62 ;0.00 ;0.00 ;19.00 ;0.47
20:16:18 ;0.13 ;0.38 ;0.00 ;0.00 ;32.00 ;0.53
20:16:19 ;0.00 ;0.50 ;0.00 ;0.00 ;26.00 ;0.69
20:16:20 ;0.12 ;0.62 ;0.00 ;0.00 ;237.00 ;2.00
20:16:21 ;0.13 ;0.38 ;0.00 ;0.00 ;28.00 ;0.57
20:16:22 ;0.00 ;0.38 ;0.00 ;0.00 ;26.00 ;0.62
20:16:23 ;0.25 ;0.25 ;0.00 ;0.00 ;63.00 ;0.71
20:16:24 ;0.00 ;0.38 ;0.00 ;0.00 ;6.00 ;0.33
20:16:25 ;0.13 ;0.38 ;0.00 ;0.00 ;41.00 ;0.76
20:16:26 ;0.13 ;0.38 ;0.00 ;0.00 ;147.00 ;1.46
20:16:27 ;0.25 ;0.38 ;1.00 ;1.00 ;40.00 ;0.78
20:16:28 ;0.12 ;0.50 ;0.00 ;0.00 ;52.00 ;0.65
20:16:29 ;0.13 ;0.13 ;0.00 ;0.00 ;20.00 ;0.65
20:16:30 ;0.13 ;0.38 ;0.00 ;0.00 ;32.00 ;0.59
20:16:31 ;0.00 ;0.25 ;0.00 ;0.00 ;34.00 ;0.59
20:16:32 ;0.12 ;0.38 ;0.00 ;0.00 ;33.00 ;0.48
20:16:33 ;0.13 ;0.50 ;0.00 ;0.00 ;144.00 ;1.95
20:16:34 ;0.12 ;0.50 ;0.00 ;0.00 ;11.00 ;0.55
20:16:35 ;0.00 ;0.38 ;0.00 ;0.00 ;30.00 ;0.60
20:16:36 ;0.38 ;0.38 ;0.00 ;0.00 ;162.00 ;0.93
20:16:37 ;0.25 ;0.50 ;0.00 ;0.00 ;40.00 ;1.12
20:16:38 ;0.13 ;0.25 ;0.00 ;0.00 ;23.00 ;0.52
20:16:39 ;0.00 ;0.50 ;0.00 ;0.00 ;177.00 ;1.55
20:16:40 ;0.12 ;0.37 ;0.00 ;0.00 ;21.00 ;0.71
20:16:41 ;0.12 ;0.75 ;0.00 ;0.00 ;38.00 ;0.66
20:16:42 ;0.12 ;0.87 ;0.00 ;0.00 ;32.00 ;0.78
20:16:43 ;0.12 ;0.38 ;0.00 ;0.00 ;49.00 ;0.88
20:16:44 ;0.13 ;0.50 ;0.00 ;0.00 ;35.00 ;0.77
20:16:45 ;0.13 ;0.38 ;0.00 ;0.00 ;44.00 ;0.84
20:16:46 ;0.13 ;0.38 ;0.00 ;0.00 ;38.00 ;0.55
20:16:47 ;0.13 ;0.38 ;0.00 ;0.00 ;26.00 ;1.46
20:16:48 ;0.13 ;0.25 ;0.00 ;0.00 ;20.00 ;0.55
20:16:49 ;0.13 ;0.50 ;0.00 ;0.00 ;218.00 ;1.28
20:16:50 ;0.00 ;0.38 ;0.00 ;0.00 ;17.00 ;0.71
20:16:51 ;0.12 ;0.50 ;0.00 ;0.00 ;44.00 ;0.55
20:16:52 ;0.25 ;0.38 ;0.00 ;0.00 ;44.00 ;0.68
20:16:53 ;0.00 ;0.50 ;0.00 ;0.00 ;29.00 ;0.90
20:16:54 ;0.12 ;0.62 ;0.00 ;0.00 ;39.00 ;0.62
20:16:55 ;0.12 ;0.62 ;0.00 ;0.00 ;29.00 ;0.55
20:16:56 ;0.25 ;0.50 ;0.00 ;0.00 ;152.00 ;1.50
20:16:57 ;0.13 ;0.25 ;0.00 ;0.00 ;43.00 ;0.70
20:16:58 ;0.13 ;0.50 ;0.00 ;0.00 ;53.00 ;0.58
20:16:59 ;0.13 ;0.50 ;0.00 ;0.00 ;46.00 ;0.61
20:17:00 ;0.13 ;0.75 ;0.00 ;0.00 ;7.00 ;0.57
20:17:01 ;0.12 ;0.87 ;0.00 ;0.00 ;33.00 ;0.70
20:17:02 ;0.12 ;0.88 ;0.00 ;0.00 ;140.00 ;1.57
20:17:03 ;0.12 ;0.75 ;0.00 ;0.00 ;22.00 ;0.91
20:17:04 ;0.00 ;0.63 ;0.00 ;0.00 ;24.00 ;0.58
20:17:05 ;0.13 ;0.50 ;0.00 ;0.00 ;32.00 ;0.62
20:17:06 ;0.13 ;0.38 ;0.00 ;0.00 ;34.00 ;0.65
20:17:07 ;0.12 ;0.50 ;0.00 ;0.00 ;173.00 ;1.67
20:17:08 ;0.00 ;0.38 ;0.00 ;0.00 ;34.00 ;0.62
20:17:09 ;0.13 ;0.38 ;0.00 ;0.00 ;19.00 ;0.89
20:17:10 ;0.13 ;0.38 ;0.00 ;0.00 ;43.00 ;0.67
20:17:11 ;0.13 ;0.63 ;0.00 ;0.00 ;53.00 ;0.51
20:17:12 ;0.13 ;0.50 ;0.00 ;0.00 ;58.00 ;0.57
20:17:13 ;0.12 ;0.62 ;0.00 ;0.00 ;46.00 ;0.63
20:17:14 ;0.13 ;0.63 ;0.00 ;0.00 ;130.00 ;1.98
20:17:15 ;0.12 ;0.62 ;0.00 ;0.00 ;78.00 ;0.95
20:17:16 ;0.13 ;0.50 ;0.00 ;0.00 ;41.00 ;0.63
20:17:17 ;0.13 ;0.63 ;0.00 ;0.00 ;53.00 ;0.81
20:17:18 ;0.13 ;0.38 ;0.00 ;0.00 ;31.00 ;0.61
20:17:19 ;0.13 ;0.50 ;0.00 ;0.00 ;22.00 ;0.64
20:17:20 ;0.13 ;0.50 ;0.00 ;0.00 ;180.00 ;1.24
20:17:21 ;0.12 ;0.62 ;0.00 ;0.00 ;34.00 ;0.59
20:17:22 ;0.13 ;0.63 ;0.00 ;0.00 ;37.00 ;0.73
20:17:23 ;0.25 ;0.62 ;0.00 ;0.00 ;47.00 ;0.81
20:17:24 ;0.13 ;0.63 ;0.00 ;0.00 ;53.00 ;0.62
20:17:25 ;0.12 ;0.38 ;0.00 ;0.00 ;136.00 ;1.54
20:17:26 ;0.12 ;0.50 ;0.00 ;0.00 ;50.00 ;0.50
20:17:27 ;0.25 ;0.62 ;0.00 ;0.00 ;84.00 ;0.65
20:17:28 ;0.25 ;0.50 ;0.00 ;0.00 ;65.00 ;0.80
20:17:29 ;0.00 ;0.38 ;0.00 ;0.00 ;17.00 ;0.82
20:17:30 ;0.00 ;0.38 ;0.00 ;0.00 ;25.00 ;0.56
20:17:31 ;0.25 ;0.62 ;0.00 ;0.00 ;155.00 ;1.49
20:17:32 ;0.13 ;0.38 ;0.00 ;0.00 ;44.00 ;0.57
20:17:33 ;0.00 ;0.38 ;0.00 ;0.00 ;22.00 ;0.86
20:17:34 ;0.12 ;0.38 ;0.00 ;0.00 ;9.00 ;0.67
20:17:35 ;0.00 ;0.50 ;0.00 ;0.00 ;10.00 ;0.50
20:17:36 ;0.00 ;0.50 ;0.00 ;0.00 ;36.00 ;0.58
20:17:37 ;0.25 ;0.87 ;0.00 ;0.00 ;53.00 ;0.68
20:17:38 ;0.25 ;0.75 ;0.00 ;0.00 ;200.00 ;1.59
20:17:39 ;0.00 ;0.50 ;0.00 ;0.00 ;42.00 ;0.60
20:17:40 ;0.12 ;0.75 ;0.00 ;0.00 ;26.00 ;0.85
20:17:41 ;0.25 ;0.63 ;0.00 ;0.00 ;53.00 ;0.68
20:17:42 ;0.00 ;0.63 ;0.00 ;0.00 ;32.00 ;0.62
20:17:43 ;0.25 ;0.62 ;0.00 ;0.00 ;29.00 ;1.28
20:17:44 ;0.13 ;0.63 ;0.00 ;0.00 ;139.00 ;1.52
20:17:45 ;0.13 ;0.50 ;0.00 ;0.00 ;58.00 ;0.93
20:17:46 ;0.12 ;0.38 ;0.00 ;0.00 ;45.00 ;0.60
20:17:47 ;0.13 ;0.38 ;0.00 ;0.00 ;58.00 ;0.78
20:17:48 ;0.13 ;0.50 ;0.00 ;0.00 ;46.00 ;0.78
20:17:49 ;0.12 ;0.62 ;0.00 ;0.00 ;162.00 ;1.51
20:17:50 ;0.12 ;0.50 ;0.00 ;0.00 ;42.00 ;0.62
20:17:51 ;0.13 ;0.50 ;0.00 ;0.00 ;20.00 ;0.50
20:17:52 ;0.13 ;0.50 ;0.00 ;0.00 ;31.00 ;0.61
20:17:53 ;0.13 ;0.63 ;0.00 ;0.00 ;42.00 ;0.86
20:17:54 ;0.00 ;0.50 ;0.00 ;0.00 ;31.00 ;0.52
20:17:55 ;0.12 ;0.50 ;0.00 ;0.00 ;6.00 ;0.67
20:17:56 ;0.00 ;0.50 ;0.00 ;0.00 ;120.00 ;1.25
20:17:57 ;0.12 ;0.50 ;0.00 ;0.00 ;41.00 ;0.54
20:17:58 ;0.13 ;0.38 ;0.00 ;0.00 ;29.00 ;0.66
20:17:59 ;0.00 ;0.13 ;0.00 ;0.00 ;30.00 ;0.70
20:18:00 ;0.13 ;0.38 ;0.00 ;0.00 ;36.00 ;0.78
20:18:01 ;0.13 ;0.63 ;0.00 ;0.00 ;24.00 ;0.67
20:18:02 ;0.13 ;0.38 ;0.00 ;0.00 ;174.00 ;1.30
20:18:03 ;0.13 ;0.50 ;0.00 ;0.00 ;55.00 ;0.62
20:18:04 ;0.13 ;0.50 ;0.00 ;0.00 ;36.00 ;0.75
20:18:05 ;0.12 ;0.50 ;0.00 ;0.00 ;33.00 ;0.55
20:18:06 ;0.13 ;0.38 ;0.00 ;0.00 ;21.00 ;0.90
20:18:07 ;0.13 ;0.38 ;0.00 ;0.00 ;184.00 ;1.56
20:18:08 ;0.00 ;0.37 ;0.00 ;0.00 ;28.00 ;0.57
20:18:09 ;0.25 ;0.38 ;0.00 ;0.00 ;33.00 ;0.91
20:18:10 ;0.13 ;0.25 ;0.00 ;0.00 ;40.00 ;0.72
20:18:11 ;0.13 ;0.25 ;0.00 ;0.00 ;33.00 ;0.61
20:18:12 ;0.25 ;0.25 ;0.00 ;0.00 ;54.00 ;0.89
20:18:13 ;0.13 ;0.38 ;0.00 ;0.00 ;160.00 ;1.41
20:18:14 ;0.12 ;0.62 ;0.00 ;0.00 ;37.00 ;0.57
20:18:15 ;0.00 ;0.25 ;0.00 ;0.00 ;58.00 ;1.47
20:18:16 ;0.13 ;0.38 ;0.00 ;0.00 ;38.00 ;0.66
20:18:17 ;0.25 ;0.25 ;0.00 ;0.00 ;47.00 ;0.72
20:18:18 ;0.00 ;0.25 ;0.00 ;0.00 ;37.00 ;0.76
20:18:19 ;0.13 ;0.25 ;0.00 ;0.00 ;23.00 ;0.61
20:18:20 ;0.13 ;0.38 ;0.00 ;0.00 ;198.00 ;1.60
20:18:21 ;0.00 ;0.25 ;0.00 ;0.00 ;9.00 ;0.56
20:18:22 ;0.13 ;0.38 ;0.00 ;0.00 ;51.00 ;0.59
20:18:23 ;0.13 ;0.38 ;0.00 ;0.00 ;39.00 ;0.59
20:18:24 ;0.13 ;0.50 ;0.00 ;0.00 ;17.00 ;0.76
20:18:25 ;0.00 ;0.50 ;0.00 ;0.00 ;18.00 ;0.61
20:18:26 ;0.13 ;0.38 ;0.00 ;0.00 ;129.00 ;1.57
20:18:27 ;0.12 ;0.50 ;0.00 ;0.00 ;31.00 ;0.61
20:18:28 ;0.13 ;0.50 ;0.00 ;0.00 ;46.00 ;0.65
20:18:29 ;0.13 ;0.25 ;0.00 ;0.00 ;22.00 ;0.73
20:18:30 ;0.00 ;0.38 ;0.00 ;0.00 ;23.00 ;0.52
20:18:31 ;0.13 ;0.25 ;0.00 ;0.00 ;117.00 ;1.85
20:18:32 ;0.12 ;0.50 ;0.00 ;0.00 ;36.00 ;0.61
20:18:33 ;0.13 ;0.63 ;0.00 ;0.00 ;42.00 ;0.71
20:18:34 ;0.00 ;0.50 ;0.00 ;0.00 ;15.00 ;0.60
20:18:35 ;0.13 ;0.50 ;0.00 ;0.00 ;27.00 ;0.56
20:18:36 ;0.00 ;0.50 ;0.00 ;0.00 ;19.00 ;0.47
20:18:37 ;0.13 ;0.63 ;0.00 ;0.00 ;44.00 ;0.66
20:18:38 ;0.38 ;0.50 ;0.00 ;0.00 ;354.00 ;3.23
20:18:39 ;0.12 ;0.50 ;0.00 ;0.00 ;17.00 ;1.24
20:18:40 ;0.13 ;0.50 ;0.00 ;0.00 ;38.00 ;0.74
20:18:41 ;0.00 ;0.50 ;0.00 ;0.00 ;13.00 ;0.54
20:18:42 ;0.13 ;0.50 ;0.00 ;0.00 ;39.00 ;0.69
20:18:43 ;0.12 ;0.50 ;0.00 ;0.00 ;40.00 ;0.57
20:18:44 ;0.00 ;0.50 ;0.00 ;0.00 ;14.00 ;0.71
20:18:45 ;0.13 ;0.38 ;0.00 ;0.00 ;24.00 ;0.62
20:18:46 ;0.12 ;0.38 ;0.00 ;0.00 ;67.00 ;1.06
20:18:47 ;0.12 ;0.50 ;0.00 ;0.00 ;21.00 ;0.71
20:18:48 ;0.13 ;0.38 ;0.00 ;0.00 ;43.00 ;0.60
20:18:49 ;0.12 ;0.75 ;0.00 ;0.00 ;235.00 ;1.74
20:18:50 ;0.13 ;0.50 ;0.00 ;0.00 ;24.00 ;0.71
20:18:51 ;0.12 ;0.62 ;0.00 ;0.00 ;24.00 ;0.67
20:18:52 ;0.12 ;0.62 ;0.00 ;0.00 ;57.00 ;0.56
20:18:53 ;0.00 ;0.62 ;0.00 ;0.00 ;13.00 ;0.46
20:18:54 ;0.12 ;0.62 ;0.00 ;0.00 ;27.00 ;0.70
20:18:55 ;0.13 ;0.63 ;0.00 ;0.00 ;28.00 ;0.75
20:18:56 ;0.00 ;0.62 ;0.00 ;0.00 ;14.00 ;0.93
20:18:57 ;0.13 ;0.50 ;0.00 ;0.00 ;33.00 ;0.70
20:18:58 ;0.12 ;0.50 ;0.00 ;0.00 ;24.00 ;0.67
20:18:59 ;0.13 ;0.25 ;0.00 ;0.00 ;28.00 ;0.68
20:19:00 ;0.00 ;0.50 ;0.00 ;0.00 ;174.00 ;1.31
20:19:01 ;0.12 ;0.50 ;0.00 ;0.00 ;43.00 ;0.77
20:19:02 ;0.25 ;0.62 ;0.00 ;0.00 ;48.00 ;0.58
20:19:03 ;0.13 ;0.50 ;0.00 ;0.00 ;26.00 ;1.08
20:19:04 ;0.13 ;0.38 ;0.00 ;0.00 ;43.00 ;0.63
20:19:05 ;0.13 ;0.38 ;0.00 ;0.00 ;30.00 ;0.67
20:19:06 ;0.13 ;0.38 ;0.00 ;0.00 ;177.00 ;2.06
20:19:07 ;0.13 ;0.38 ;0.00 ;0.00 ;33.00 ;0.70
20:19:08 ;0.25 ;0.50 ;0.00 ;0.00 ;50.00 ;0.76
20:19:09 ;0.13 ;0.38 ;0.00 ;0.00 ;48.00 ;0.67
20:19:10 ;0.00 ;0.37 ;0.00 ;0.00 ;24.00 ;0.67
20:19:11 ;0.12 ;0.37 ;0.00 ;0.00 ;20.00 ;1.00
20:19:12 ;0.13 ;0.25 ;0.00 ;0.00 ;151.00 ;1.40
20:19:13 ;0.13 ;0.38 ;0.00 ;0.00 ;28.00 ;0.86
20:19:14 ;0.12 ;0.62 ;0.00 ;0.00 ;28.00 ;0.54
20:19:15 ;0.13 ;0.38 ;0.00 ;0.00 ;37.00 ;0.86
20:19:16 ;0.13 ;0.50 ;0.00 ;0.00 ;59.00 ;0.95
20:19:17 ;0.13 ;0.38 ;0.00 ;0.00 ;143.00 ;2.06
20:19:18 ;0.13 ;0.25 ;0.00 ;0.00 ;31.00 ;0.65
20:19:19 ;0.13 ;0.38 ;0.00 ;0.00 ;47.00 ;0.55
20:19:20 ;0.13 ;0.25 ;0.00 ;0.00 ;38.00 ;0.66
20:19:21 ;0.13 ;0.50 ;0.00 ;0.00 ;34.00 ;0.59
20:19:22 ;0.13 ;0.50 ;0.00 ;0.00 ;51.00 ;0.71
20:19:23 ;0.12 ;0.50 ;0.00 ;0.00 ;35.00 ;0.60
20:19:24 ;0.12 ;0.50 ;0.00 ;0.00 ;180.00 ;1.83
20:19:25 ;0.13 ;0.38 ;0.00 ;0.00 ;43.00 ;0.70
20:19:26 ;0.00 ;0.38 ;0.00 ;0.00 ;28.00 ;0.64
20:19:27 ;0.13 ;0.38 ;0.00 ;0.00 ;35.00 ;0.63
20:19:28 ;0.25 ;0.50 ;0.00 ;0.00 ;38.00 ;0.71
20:19:29 ;0.12 ;0.38 ;0.00 ;0.00 ;48.00 ;0.52
20:19:30 ;0.13 ;0.38 ;0.00 ;0.00 ;142.00 ;1.42
20:19:31 ;0.13 ;0.38 ;0.00 ;0.00 ;29.00 ;0.72
20:19:32 ;0.13 ;0.38 ;0.00 ;0.00 ;46.00 ;0.70
20:19:33 ;0.12 ;0.38 ;0.00 ;0.00 ;36.00 ;0.67
20:19:34 ;0.13 ;0.38 ;0.00 ;0.00 ;44.00 ;0.64
20:19:35 ;0.13 ;0.50 ;0.00 ;0.00 ;182.00 ;1.64
20:19:36 ;0.13 ;0.38 ;0.00 ;0.00 ;35.00 ;0.83
20:19:37 ;0.12 ;0.50 ;0.00 ;0.00 ;25.00 ;0.56
20:19:38 ;0.13 ;0.50 ;0.00 ;0.00 ;19.00 ;0.68
20:19:39 ;0.13 ;0.50 ;0.00 ;0.00 ;51.00 ;0.65
20:19:40 ;0.00 ;0.50 ;0.00 ;0.00 ;15.00 ;0.53
20:19:41 ;0.13 ;0.50 ;0.00 ;0.00 ;20.00 ;0.60
20:19:42 ;0.13 ;0.38 ;0.00 ;0.00 ;45.00 ;0.71
20:19:43 ;0.25 ;0.38 ;0.00 ;0.00 ;42.00 ;0.69
20:19:44 ;0.00 ;0.38 ;0.00 ;0.00 ;20.00 ;0.65
20:19:45 ;0.13 ;0.50 ;0.00 ;0.00 ;21.00 ;0.62
20:19:46 ;0.13 ;0.50 ;0.00 ;0.00 ;68.00 ;1.76
20:19:47 ;0.13 ;0.63 ;0.00 ;0.00 ;324.00 ;1.90
20:19:48 ;0.13 ;0.50 ;0.00 ;0.00 ;35.00 ;0.97
20:19:49 ;0.25 ;0.38 ;0.00 ;0.00 ;41.00 ;0.71
20:19:50 ;0.00 ;0.38 ;0.00 ;0.00 ;37.00 ;0.62
20:19:51 ;0.13 ;0.38 ;0.00 ;0.00 ;28.00 ;0.57
20:19:52 ;0.25 ;0.62 ;0.00 ;0.00 ;57.00 ;0.65
20:19:53 ;0.13 ;0.63 ;0.00 ;0.00 ;35.00 ;0.74
20:19:54 ;0.12 ;0.62 ;0.00 ;0.00 ;41.00 ;0.68
20:19:55 ;0.12 ;0.62 ;0.00 ;0.00 ;47.00 ;0.64
20:19:56 ;0.12 ;0.50 ;0.00 ;0.00 ;25.00 ;0.68
20:19:57 ;0.13 ;0.50 ;0.00 ;0.00 ;34.00 ;1.29
20:19:58 ;0.25 ;0.50 ;0.00 ;0.00 ;229.00 ;1.75
20:19:59 ;0.00 ;0.25 ;0.00 ;0.00 ;6.00 ;1.00
20:20:00 ;0.25 ;0.38 ;0.00 ;0.00 ;47.00 ;0.83
20:20:01 ;0.00 ;0.50 ;0.00 ;0.00 ;30.00 ;0.67
20:20:02 ;0.13 ;0.50 ;0.00 ;0.00 ;42.00 ;0.62
20:20:03 ;0.12 ;0.50 ;0.00 ;0.00 ;27.00 ;0.56
20:20:04 ;0.13 ;0.25 ;0.00 ;0.00 ;34.00 ;0.59
20:20:05 ;0.13 ;0.38 ;0.00 ;0.00 ;27.00 ;0.81
20:20:06 ;0.00 ;0.38 ;0.00 ;0.00 ;16.00 ;0.62
20:20:07 ;0.13 ;0.25 ;0.00 ;0.00 ;49.00 ;0.69
20:20:08 ;0.00 ;0.50 ;0.00 ;0.00 ;21.00 ;0.57
20:20:09 ;0.12 ;0.50 ;0.00 ;0.00 ;201.00 ;1.98
20:20:10 ;0.25 ;0.50 ;0.00 ;0.00 ;53.00 ;0.68
20:20:11 ;0.00 ;0.75 ;0.00 ;0.00 ;5.00 ;0.60
20:20:12 ;0.13 ;0.50 ;0.00 ;0.00 ;42.00 ;0.52
20:20:13 ;0.12 ;0.38 ;0.00 ;0.00 ;65.00 ;0.63
20:20:14 ;0.13 ;0.50 ;0.00 ;0.00 ;24.00 ;0.67
20:20:15 ;0.12 ;0.50 ;0.00 ;0.00 ;133.00 ;1.77
20:20:16 ;0.13 ;0.50 ;0.00 ;0.00 ;51.00 ;1.04
20:20:17 ;0.13 ;0.75 ;0.00 ;0.00 ;71.00 ;0.55
20:20:18 ;0.13 ;0.50 ;0.00 ;0.00 ;29.00 ;0.48
20:20:19 ;0.25 ;0.50 ;0.00 ;0.00 ;174.00 ;3.34
20:20:20 ;0.12 ;0.50 ;0.00 ;0.00 ;47.00 ;0.77
20:20:21 ;0.13 ;0.38 ;0.00 ;0.00 ;32.00 ;0.53
20:20:22 ;0.13 ;0.38 ;0.00 ;0.00 ;43.00 ;0.58
20:20:23 ;0.25 ;0.50 ;0.00 ;0.00 ;57.00 ;0.67
20:20:24 ;0.13 ;0.50 ;0.00 ;0.00 ;40.00 ;0.50
20:20:25 ;0.13 ;0.63 ;0.00 ;0.00 ;37.00 ;0.70
20:20:26 ;0.13 ;0.63 ;0.00 ;0.00 ;152.00 ;1.53
20:20:27 ;0.12 ;0.75 ;0.00 ;0.00 ;48.00 ;0.73
20:20:28 ;0.13 ;0.75 ;0.00 ;0.00 ;17.00 ;0.65
20:20:29 ;0.00 ;0.50 ;0.00 ;0.00 ;8.00 ;0.50
20:20:30 ;0.13 ;0.63 ;0.00 ;0.00 ;31.00 ;0.71
20:20:31 ;0.00 ;0.63 ;0.00 ;0.00 ;27.00 ;0.52
20:20:32 ;0.25 ;0.50 ;0.00 ;0.00 ;127.00 ;1.54
20:20:33 ;0.12 ;0.62 ;0.00 ;0.00 ;52.00 ;0.73
20:20:34 ;0.13 ;0.38 ;0.00 ;0.00 ;25.00 ;0.96
20:20:35 ;0.12 ;0.50 ;0.00 ;0.00 ;10.00 ;1.00
20:20:36 ;0.25 ;0.50 ;0.00 ;0.00 ;31.00 ;1.74
20:20:37 ;0.13 ;0.50 ;0.00 ;0.00 ;194.00 ;1.74
20:20:38 ;0.13 ;0.38 ;0.00 ;0.00 ;54.00 ;0.46
20:20:39 ;0.12 ;0.38 ;0.00 ;0.00 ;25.00 ;0.92
20:20:40 ;0.13 ;0.50 ;0.00 ;0.00 ;42.00 ;0.64
20:20:41 ;0.12 ;0.62 ;0.00 ;0.00 ;33.00 ;0.70
20:20:42 ;0.13 ;0.63 ;0.00 ;0.00 ;35.00 ;0.57
20:20:43 ;0.13 ;0.50 ;0.00 ;0.00 ;163.00 ;1.41
20:20:44 ;0.00 ;0.62 ;0.00 ;0.00 ;6.00 ;0.50
20:20:45 ;0.13 ;0.38 ;0.00 ;0.00 ;26.00 ;0.69
20:20:46 ;0.25 ;0.25 ;0.00 ;0.00 ;56.00 ;0.68
20:20:47 ;0.12 ;0.25 ;0.00 ;0.00 ;65.00 ;1.06
20:20:48 ;0.13 ;0.38 ;0.00 ;0.00 ;40.00 ;0.57
20:20:49 ;0.13 ;0.38 ;0.00 ;0.00 ;31.00 ;0.94
20:20:50 ;0.12 ;0.38 ;0.00 ;0.00 ;177.00 ;1.58
20:20:51 ;0.13 ;0.38 ;0.00 ;0.00 ;32.00 ;0.66
20:20:52 ;0.13 ;0.50 ;0.00 ;0.00 ;45.00 ;0.76
20:20:53 ;0.13 ;0.50 ;0.00 ;0.00 ;44.00 ;0.70
20:20:54 ;0.12 ;0.50 ;0.00 ;0.00 ;34.00 ;0.59
20:20:55 ;0.00 ;0.50 ;0.00 ;0.00 ;20.00 ;0.60
20:20:56 ;0.13 ;0.63 ;0.00 ;0.00 ;182.00 ;1.51
20:20:57 ;0.12 ;0.87 ;0.00 ;0.00 ;30.00 ;0.90
20:20:58 ;0.12 ;1.12 ;0.00 ;0.00 ;47.00 ;0.66
20:20:59 ;0.25 ;0.75 ;0.00 ;0.00 ;43.00 ;0.67
20:21:00 ;0.00 ;0.50 ;0.00 ;0.00 ;12.00 ;0.75
20:21:01 ;0.12 ;0.62 ;0.00 ;0.00 ;135.00 ;1.64
20:21:02 ;0.12 ;0.62 ;0.00 ;0.00 ;29.00 ;0.55
20:21:03 ;0.00 ;0.50 ;0.00 ;0.00 ;23.00 ;0.57
20:21:04 ;0.12 ;0.38 ;0.00 ;0.00 ;27.00 ;0.67
20:21:05 ;0.13 ;0.38 ;0.00 ;0.00 ;37.00 ;0.59
20:21:06 ;0.12 ;0.37 ;0.00 ;0.00 ;33.00 ;0.82
20:21:07 ;0.25 ;0.38 ;0.00 ;0.00 ;60.00 ;0.68
20:21:08 ;0.13 ;0.38 ;0.00 ;0.00 ;173.00 ;1.57
20:21:09 ;0.00 ;0.38 ;0.00 ;0.00 ;18.00 ;0.72
20:21:10 ;0.00 ;0.38 ;0.00 ;0.00 ;0.00 ;0.00
20:21:11 ;0.25 ;0.75 ;0.00 ;0.00 ;49.00 ;0.94
20:21:12 ;0.13 ;0.50 ;0.00 ;0.00 ;43.00 ;0.58
20:21:13 ;0.13 ;0.38 ;0.00 ;0.00 ;38.00 ;0.61
20:21:14 ;0.12 ;0.62 ;0.00 ;0.00 ;36.00 ;0.81
20:21:15 ;0.12 ;0.50 ;0.00 ;0.00 ;22.00 ;0.59
20:21:16 ;0.00 ;0.38 ;0.00 ;0.00 ;37.00 ;0.59
20:21:17 ;0.25 ;0.38 ;0.00 ;0.00 ;71.00 ;1.59
20:21:18 ;0.13 ;0.25 ;0.00 ;0.00 ;45.00 ;0.60
20:21:19 ;0.13 ;0.38 ;0.00 ;0.00 ;208.00 ;1.61
20:21:20 ;0.00 ;0.37 ;0.00 ;0.00 ;13.00 ;1.31
20:21:21 ;0.00 ;0.50 ;0.00 ;0.00 ;8.00 ;0.62
20:21:22 ;0.12 ;0.37 ;0.00 ;0.00 ;46.00 ;0.54
20:21:23 ;0.13 ;0.63 ;0.00 ;0.00 ;29.00 ;0.69
20:21:24 ;0.13 ;0.50 ;0.00 ;0.00 ;18.00 ;0.56
20:21:25 ;0.00 ;0.38 ;0.00 ;0.00 ;17.00 ;0.53
20:21:26 ;0.12 ;0.50 ;0.00 ;0.00 ;17.00 ;0.59
20:21:27 ;0.13 ;0.50 ;0.00 ;0.00 ;34.00 ;0.68
20:21:28 ;0.13 ;0.50 ;0.00 ;0.00 ;39.00 ;0.62
20:21:29 ;0.00 ;0.38 ;0.00 ;0.00 ;14.85 ;0.60
20:21:30 ;0.12 ;0.62 ;0.00 ;0.00 ;165.00 ;3.14
20:21:31 ;0.13 ;0.63 ;0.00 ;0.00 ;22.00 ;0.68
20:21:32 ;0.12 ;0.62 ;0.00 ;0.00 ;57.00 ;0.56
20:21:33 ;0.13 ;0.50 ;0.00 ;0.00 ;32.00 ;0.72
20:21:34 ;0.00 ;0.38 ;0.00 ;0.00 ;14.00 ;0.57
20:21:35 ;0.13 ;0.75 ;0.00 ;0.00 ;36.00 ;0.75
20:21:36 ;0.37 ;0.87 ;0.00 ;0.00 ;306.00 ;1.52
20:21:37 ;0.25 ;0.88 ;0.00 ;0.00 ;36.00 ;0.72
20:21:38 ;0.12 ;0.75 ;0.00 ;0.00 ;37.00 ;0.54
20:21:39 ;0.00 ;0.63 ;0.00 ;0.00 ;22.00 ;0.59
20:21:40 ;0.00 ;0.74 ;0.00 ;0.00 ;22.00 ;0.64
20:21:41 ;0.13 ;0.75 ;0.00 ;0.00 ;39.00 ;0.69
20:21:42 ;0.25 ;0.75 ;0.00 ;0.00 ;211.00 ;1.50
20:21:43 ;0.25 ;0.62 ;0.00 ;0.00 ;45.00 ;0.64
20:21:44 ;0.12 ;0.62 ;0.00 ;0.00 ;23.00 ;1.13
20:21:45 ;0.13 ;0.50 ;0.00 ;0.00 ;59.00 ;0.61
20:21:46 ;0.25 ;0.62 ;0.00 ;0.00 ;50.00 ;0.76
20:21:47 ;0.13 ;0.38 ;0.00 ;0.00 ;163.00 ;1.72
20:21:48 ;0.00 ;0.63 ;0.00 ;0.00 ;30.00 ;0.53
20:21:49 ;0.00 ;0.38 ;0.00 ;0.00 ;4.00 ;0.75
20:21:50 ;0.12 ;0.50 ;0.00 ;0.00 ;7.00 ;0.57
20:21:51 ;0.00 ;0.50 ;0.00 ;0.00 ;21.00 ;0.62
20:21:52 ;0.13 ;0.63 ;0.00 ;0.00 ;51.00 ;0.73
20:21:53 ;0.13 ;0.50 ;0.00 ;0.00 ;47.00 ;0.68
20:21:54 ;0.12 ;0.62 ;0.00 ;0.00 ;159.00 ;1.57
20:21:55 ;0.00 ;0.38 ;0.00 ;0.00 ;17.00 ;0.47
20:21:56 ;0.13 ;0.50 ;0.00 ;0.00 ;34.00 ;0.56
20:21:57 ;0.12 ;0.50 ;0.00 ;0.00 ;30.00 ;0.63
20:21:58 ;0.13 ;0.38 ;0.00 ;0.00 ;38.00 ;0.61
20:21:59 ;0.00 ;0.13 ;0.00 ;0.00 ;14.00 ;0.50
20:22:00 ;0.13 ;0.38 ;0.00 ;0.00 ;111.00 ;1.66
20:22:01 ;0.00 ;0.50 ;0.00 ;0.00 ;30.00 ;0.57
20:22:02 ;0.25 ;0.50 ;0.00 ;0.00 ;40.00 ;0.72
20:22:03 ;0.25 ;0.38 ;0.00 ;0.00 ;56.00 ;0.71
20:22:04 ;0.00 ;0.50 ;0.00 ;0.00 ;27.00 ;0.59
20:22:05 ;0.25 ;0.38 ;0.00 ;0.00 ;179.00 ;1.58
20:22:06 ;0.13 ;0.13 ;0.00 ;0.00 ;46.00 ;0.63
20:22:07 ;0.13 ;0.25 ;0.00 ;0.00 ;33.00 ;0.76
20:22:08 ;0.13 ;0.25 ;0.00 ;0.00 ;45.00 ;0.49
20:22:09 ;0.00 ;0.38 ;0.00 ;0.00 ;13.00 ;0.92
20:22:10 ;0.13 ;0.63 ;0.00 ;0.00 ;19.00 ;0.63
20:22:11 ;0.12 ;0.87 ;0.00 ;0.00 ;27.00 ;0.63
20:22:12 ;0.13 ;0.63 ;0.00 ;0.00 ;154.00 ;1.57
20:22:13 ;0.12 ;0.62 ;0.00 ;0.00 ;44.00 ;0.57
20:22:14 ;0.12 ;0.75 ;0.00 ;0.00 ;44.00 ;0.59
20:22:15 ;0.12 ;0.50 ;0.00 ;0.00 ;32.00 ;0.78
20:22:16 ;0.00 ;0.62 ;0.00 ;0.00 ;18.00 ;0.61
20:22:17 ;0.12 ;0.75 ;0.00 ;0.00 ;66.00 ;1.00
20:22:18 ;0.38 ;0.63 ;0.00 ;0.00 ;207.00 ;1.41
20:22:19 ;0.13 ;0.63 ;0.00 ;0.00 ;27.00 ;0.78
20:22:20 ;0.00 ;0.75 ;0.00 ;0.00 ;22.00 ;0.68
20:22:21 ;0.00 ;0.50 ;0.00 ;0.00 ;1.00 ;0.00
20:22:22 ;0.12 ;0.62 ;0.00 ;0.00 ;27.00 ;0.59
20:22:23 ;0.25 ;0.87 ;0.00 ;0.00 ;63.00 ;1.05
20:22:24 ;0.12 ;0.62 ;0.00 ;0.00 ;175.00 ;1.58
20:22:25 ;0.12 ;0.87 ;0.00 ;0.00 ;35.00 ;0.83
20:22:26 ;0.12 ;0.50 ;0.00 ;0.00 ;22.00 ;0.64
20:22:27 ;0.12 ;0.50 ;0.00 ;0.00 ;55.00 ;0.65
20:22:28 ;0.12 ;0.62 ;0.00 ;0.00 ;28.00 ;0.61
20:22:29 ;0.13 ;0.25 ;0.00 ;0.00 ;143.00 ;1.48
20:22:30 ;0.00 ;0.38 ;0.00 ;0.00 ;22.00 ;0.68
20:22:31 ;0.12 ;0.50 ;0.00 ;0.00 ;13.00 ;0.62
20:22:32 ;0.12 ;0.38 ;0.00 ;0.00 ;55.00 ;0.73
20:22:33 ;0.25 ;0.38 ;0.00 ;0.00 ;55.00 ;0.76
20:22:34 ;0.25 ;0.37 ;0.00 ;0.00 ;58.00 ;0.79
20:22:35 ;0.13 ;0.63 ;0.00 ;0.00 ;27.00 ;0.93
20:22:36 ;0.13 ;0.50 ;0.00 ;0.00 ;166.00 ;1.87
20:22:37 ;0.25 ;0.75 ;0.00 ;0.00 ;71.00 ;0.69
20:22:38 ;0.13 ;0.63 ;0.00 ;0.00 ;21.00 ;1.33
20:22:39 ;0.13 ;0.50 ;0.00 ;0.00 ;23.00 ;0.70
20:22:40 ;0.25 ;0.62 ;0.00 ;0.00 ;62.00 ;0.74
20:22:41 ;0.00 ;0.50 ;0.00 ;0.00 ;11.00 ;0.45
20:22:42 ;0.13 ;0.63 ;0.00 ;0.00 ;193.00 ;1.25
20:22:43 ;0.13 ;0.50 ;0.00 ;0.00 ;37.00 ;0.59
20:22:44 ;0.12 ;0.50 ;0.00 ;0.00 ;48.00 ;0.58
20:22:45 ;0.12 ;0.62 ;0.00 ;0.00 ;23.00 ;0.78
20:22:46 ;0.00 ;0.75 ;0.00 ;0.00 ;27.00 ;0.63
20:22:47 ;0.13 ;0.50 ;0.00 ;0.00 ;188.00 ;1.59
20:22:48 ;0.13 ;0.50 ;0.00 ;0.00 ;30.00 ;0.63
20:22:49 ;0.25 ;0.38 ;0.00 ;0.00 ;47.00 ;0.70
20:22:50 ;0.00 ;0.38 ;0.00 ;0.00 ;19.00 ;0.58
20:22:51 ;0.00 ;0.38 ;0.00 ;0.00 ;11.00 ;0.55
20:22:52 ;0.13 ;0.38 ;0.00 ;0.00 ;34.00 ;0.79
20:22:53 ;0.25 ;0.38 ;0.00 ;0.00 ;112.00 ;1.42
20:22:54 ;0.25 ;0.25 ;0.00 ;0.00 ;140.00 ;1.76
20:22:55 ;0.13 ;0.38 ;0.00 ;0.00 ;33.00 ;0.79
20:22:56 ;0.13 ;0.50 ;0.00 ;0.00 ;49.00 ;0.78
20:22:57 ;0.13 ;0.25 ;0.00 ;0.00 ;56.00 ;0.61
20:22:58 ;0.13 ;0.38 ;0.00 ;0.00 ;27.00 ;0.67
20:22:59 ;0.13 ;0.25 ;0.00 ;0.00 ;37.00 ;0.84
20:23:00 ;0.13 ;0.50 ;0.00 ;0.00 ;134.00 ;1.50
20:23:01 ;0.00 ;0.62 ;0.00 ;0.00 ;15.00 ;0.93
20:23:02 ;0.13 ;0.63 ;0.00 ;0.00 ;44.00 ;0.75
20:23:03 ;0.25 ;0.62 ;0.00 ;0.00 ;59.00 ;0.68
20:23:04 ;0.25 ;0.38 ;0.00 ;0.00 ;60.00 ;0.55
20:23:05 ;0.00 ;0.38 ;0.00 ;0.00 ;45.00 ;0.58
20:23:06 ;0.25 ;0.38 ;0.00 ;0.00 ;181.00 ;1.96
20:23:07 ;0.13 ;0.50 ;0.00 ;0.00 ;45.00 ;0.58
20:23:08 ;0.13 ;0.38 ;0.00 ;0.00 ;23.00 ;0.70
20:23:09 ;0.00 ;0.25 ;0.00 ;0.00 ;36.00 ;0.58
20:23:10 ;0.13 ;0.38 ;0.00 ;0.00 ;10.00 ;0.60
20:23:11 ;0.00 ;0.37 ;0.00 ;0.00 ;113.00 ;1.26
20:23:12 ;0.13 ;0.50 ;0.00 ;0.00 ;36.00 ;0.64
20:23:13 ;0.00 ;0.50 ;0.00 ;0.00 ;22.00 ;0.59
20:23:14 ;0.12 ;0.50 ;0.00 ;0.00 ;35.00 ;0.54
20:23:15 ;0.12 ;0.50 ;0.00 ;0.00 ;29.00 ;0.66
20:23:16 ;0.13 ;0.38 ;0.00 ;0.00 ;28.00 ;0.54
20:23:17 ;0.13 ;0.25 ;0.00 ;0.00 ;38.00 ;0.58
20:23:18 ;0.00 ;0.38 ;0.00 ;0.00 ;145.00 ;1.79
20:23:19 ;0.12 ;0.37 ;0.00 ;0.00 ;35.00 ;0.60
20:23:20 ;0.13 ;0.38 ;0.00 ;0.00 ;34.00 ;0.74
20:23:21 ;0.12 ;0.37 ;0.00 ;0.00 ;27.00 ;0.67
20:23:22 ;0.13 ;0.25 ;0.00 ;0.00 ;43.00 ;0.72
20:23:23 ;0.25 ;0.50 ;0.00 ;0.00 ;54.00 ;0.67
20:23:24 ;0.13 ;0.50 ;0.00 ;0.00 ;182.00 ;1.63
20:23:25 ;0.12 ;0.62 ;0.00 ;0.00 ;49.00 ;0.59
20:23:26 ;0.13 ;0.38 ;0.00 ;0.00 ;48.00 ;0.52
20:23:27 ;0.13 ;0.50 ;0.00 ;0.00 ;43.00 ;0.67
20:23:28 ;0.12 ;0.62 ;0.00 ;0.00 ;24.00 ;0.62
20:23:29 ;0.13 ;0.38 ;0.00 ;0.00 ;137.00 ;1.12
20:23:30 ;0.13 ;0.50 ;0.00 ;0.00 ;47.00 ;0.74
20:23:31 ;0.00 ;0.50 ;0.00 ;0.00 ;8.00 ;0.75
20:23:32 ;0.13 ;0.50 ;0.00 ;0.00 ;50.00 ;0.54
20:23:33 ;0.00 ;0.63 ;0.00 ;0.00 ;24.00 ;0.62
20:23:34 ;0.13 ;0.50 ;0.00 ;0.00 ;22.00 ;0.73
20:23:35 ;0.12 ;0.50 ;0.00 ;0.00 ;172.00 ;1.91
20:23:36 ;0.13 ;0.38 ;0.00 ;0.00 ;22.00 ;0.50
20:23:37 ;0.13 ;0.50 ;0.00 ;0.00 ;37.00 ;0.76
20:23:38 ;0.13 ;0.38 ;0.00 ;0.00 ;26.00 ;0.77
20:23:39 ;0.00 ;0.38 ;0.00 ;0.00 ;6.00 ;0.50
20:23:40 ;0.13 ;0.38 ;0.00 ;0.00 ;38.00 ;0.68
20:23:41 ;0.13 ;0.38 ;0.00 ;0.00 ;22.00 ;0.77
20:23:42 ;0.13 ;0.38 ;0.00 ;0.00 ;176.00 ;2.18
20:23:43 ;0.00 ;0.38 ;0.00 ;0.00 ;24.00 ;0.67
20:23:44 ;0.13 ;0.38 ;0.00 ;0.00 ;24.00 ;0.75
20:23:45 ;0.13 ;0.25 ;0.00 ;0.00 ;53.00 ;0.60
20:23:46 ;0.13 ;0.25 ;0.00 ;0.00 ;14.00 ;0.64
20:23:47 ;0.13 ;0.38 ;0.00 ;0.00 ;43.00 ;0.70
20:23:48 ;0.12 ;0.38 ;0.00 ;0.00 ;168.00 ;2.86
20:23:49 ;0.12 ;0.62 ;0.00 ;0.00 ;14.00 ;0.79
20:23:50 ;0.13 ;0.50 ;0.00 ;0.00 ;28.00 ;0.61
20:23:51 ;0.00 ;0.50 ;0.00 ;0.00 ;25.00 ;0.60
20:23:52 ;0.13 ;0.63 ;0.00 ;0.00 ;50.00 ;0.70
20:23:53 ;0.25 ;0.38 ;0.00 ;0.00 ;174.00 ;1.70
20:23:54 ;0.25 ;0.50 ;0.00 ;0.00 ;50.00 ;1.10
20:23:55 ;0.12 ;0.50 ;0.00 ;0.00 ;41.00 ;0.80
20:23:56 ;0.00 ;0.38 ;0.00 ;0.00 ;15.00 ;0.53
20:23:57 ;0.12 ;0.62 ;0.00 ;0.00 ;43.00 ;0.60
20:23:58 ;0.12 ;0.75 ;0.00 ;0.00 ;42.00 ;0.64
20:23:59 ;0.00 ;0.38 ;0.00 ;0.00 ;7.00 ;0.43
20:24:00 ;0.13 ;0.75 ;0.00 ;0.00 ;122.00 ;2.30
20:24:01 ;0.00 ;0.63 ;0.00 ;0.00 ;6.00 ;1.17
20:24:02 ;0.12 ;0.62 ;0.00 ;0.00 ;37.00 ;0.59
20:24:03 ;0.12 ;0.75 ;0.00 ;0.00 ;33.00 ;0.73
20:24:04 ;0.12 ;0.62 ;0.00 ;0.00 ;30.00 ;0.63
20:24:05 ;0.12 ;0.75 ;0.00 ;0.00 ;28.00 ;0.86
20:24:06 ;0.25 ;0.38 ;0.00 ;0.00 ;179.00 ;2.80
20:24:07 ;0.12 ;0.75 ;0.00 ;0.00 ;54.00 ;0.56
20:24:08 ;0.12 ;0.62 ;0.00 ;0.00 ;41.00 ;0.71
20:24:09 ;0.00 ;0.50 ;0.00 ;0.00 ;7.00 ;0.57
20:24:10 ;0.13 ;0.38 ;0.00 ;0.00 ;24.00 ;0.67
20:24:11 ;0.25 ;0.37 ;0.00 ;0.00 ;37.00 ;1.03
20:24:12 ;0.00 ;0.38 ;0.00 ;0.00 ;126.00 ;1.90
20:24:13 ;0.12 ;0.62 ;0.00 ;0.00 ;36.00 ;0.64
20:24:14 ;0.13 ;0.38 ;0.00 ;0.00 ;47.00 ;0.66
20:24:15 ;0.13 ;0.63 ;0.00 ;0.00 ;24.00 ;0.62
20:24:16 ;0.13 ;0.50 ;0.00 ;0.00 ;36.00 ;0.83
20:24:17 ;0.25 ;0.50 ;0.00 ;0.00 ;182.00 ;2.68
20:24:18 ;0.13 ;0.38 ;0.00 ;0.00 ;94.00 ;0.87
20:24:19 ;0.13 ;0.38 ;0.00 ;0.00 ;19.00 ;0.47
20:24:20 ;0.12 ;0.50 ;0.00 ;0.00 ;28.00 ;0.96
20:24:21 ;0.13 ;0.50 ;0.00 ;0.00 ;62.00 ;1.08
20:24:22 ;0.25 ;0.25 ;0.00 ;0.00 ;53.00 ;1.28
20:24:23 ;0.13 ;0.25 ;0.00 ;0.00 ;49.00 ;0.71
20:24:24 ;0.13 ;0.75 ;0.00 ;0.00 ;189.00 ;1.57
20:24:25 ;0.25 ;1.12 ;0.00 ;0.00 ;45.00 ;0.82
20:24:26 ;0.25 ;0.75 ;0.00 ;0.00 ;73.00 ;0.99
20:24:27 ;0.25 ;1.00 ;0.00 ;0.00 ;79.00 ;0.76
20:24:28 ;0.12 ;1.12 ;0.00 ;0.00 ;39.00 ;0.90
20:24:29 ;0.13 ;0.50 ;0.00 ;0.00 ;12.00 ;0.42
20:24:30 ;0.00 ;0.63 ;0.00 ;0.00 ;131.00 ;1.50
20:24:31 ;0.13 ;0.63 ;0.00 ;0.00 ;19.00 ;0.84
20:24:32 ;0.13 ;0.50 ;0.00 ;0.00 ;65.00 ;1.18
20:24:33 ;0.25 ;0.87 ;0.00 ;0.00 ;65.00 ;0.78
20:24:34 ;0.12 ;1.12 ;0.00 ;0.00 ;22.00 ;0.91
20:24:35 ;0.25 ;0.50 ;0.00 ;0.00 ;185.00 ;2.05
20:24:36 ;0.37 ;0.62 ;0.00 ;0.00 ;31.00 ;2.81
20:24:37 ;0.88 ;0.50 ;0.00 ;0.00 ;45.00 ;2.67
20:24:38 ;0.13 ;0.38 ;0.00 ;0.00 ;26.00 ;0.65
20:24:39 ;0.13 ;0.25 ;0.00 ;0.00 ;45.00 ;0.53
20:24:40 ;0.13 ;0.38 ;0.00 ;0.00 ;43.00 ;0.77
20:24:41 ;0.13 ;0.50 ;0.00 ;0.00 ;48.00 ;0.62
20:24:42 ;0.00 ;0.38 ;0.00 ;0.00 ;35.00 ;0.77
20:24:43 ;0.38 ;0.50 ;0.00 ;0.00 ;47.00 ;1.23
20:24:44 ;0.25 ;0.50 ;0.00 ;0.00 ;60.00 ;0.80
20:24:45 ;0.13 ;0.63 ;0.00 ;0.00 ;36.00 ;0.72
20:24:46 ;0.13 ;0.50 ;0.00 ;0.00 ;44.00 ;0.70
20:24:47 ;0.13 ;0.38 ;0.00 ;0.00 ;222.00 ;1.72
20:24:48 ;0.13 ;0.38 ;0.00 ;0.00 ;69.00 ;1.12
20:24:49 ;0.13 ;0.25 ;0.00 ;0.00 ;34.00 ;0.65
20:24:50 ;0.13 ;0.25 ;0.00 ;0.00 ;26.00 ;0.73
20:24:51 ;0.13 ;0.25 ;0.00 ;0.00 ;35.00 ;0.57
20:24:52 ;0.00 ;0.38 ;0.00 ;0.00 ;39.00 ;0.67
20:24:53 ;0.25 ;0.38 ;0.00 ;0.00 ;171.00 ;1.58
20:24:54 ;0.00 ;0.38 ;0.00 ;0.00 ;22.00 ;0.77
20:24:55 ;0.13 ;0.38 ;0.00 ;0.00 ;14.00 ;0.64
20:24:56 ;0.13 ;0.50 ;0.00 ;0.00 ;36.00 ;0.61
20:24:57 ;0.12 ;0.37 ;0.00 ;0.00 ;41.00 ;0.68
20:24:58 ;0.13 ;0.38 ;0.00 ;0.00 ;130.00 ;2.08
20:24:59 ;0.13 ;0.25 ;0.00 ;0.00 ;60.00 ;0.63
20:25:00 ;0.12 ;0.50 ;0.00 ;0.00 ;20.00 ;0.60
20:25:01 ;0.00 ;0.87 ;0.00 ;0.00 ;19.00 ;0.74
20:25:02 ;0.13 ;0.75 ;0.00 ;0.00 ;39.00 ;0.79
20:25:03 ;0.12 ;0.87 ;0.00 ;0.00 ;48.00 ;0.52
20:25:04 ;0.00 ;0.38 ;0.00 ;0.00 ;3.00 ;0.67
20:25:05 ;0.12 ;0.37 ;0.00 ;0.00 ;177.00 ;0.69
20:25:06 ;0.13 ;0.38 ;0.00 ;0.00 ;49.00 ;0.57
20:25:07 ;0.25 ;0.38 ;0.00 ;0.00 ;55.00 ;0.95
20:25:08 ;0.13 ;0.50 ;0.00 ;0.00 ;26.00 ;0.85
20:25:09 ;0.12 ;0.75 ;0.00 ;0.00 ;25.00 ;0.56
20:25:10 ;0.12 ;0.62 ;0.00 ;0.00 ;30.00 ;0.53
20:25:11 ;0.00 ;0.62 ;0.00 ;0.00 ;122.00 ;1.87
20:25:12 ;0.25 ;0.50 ;0.00 ;0.00 ;44.00 ;0.64
20:25:13 ;0.12 ;0.50 ;0.00 ;0.00 ;41.00 ;1.17
20:25:14 ;0.13 ;0.38 ;0.00 ;0.00 ;22.00 ;0.68
20:25:15 ;0.00 ;0.38 ;0.00 ;0.00 ;10.00 ;0.70
20:25:16 ;0.25 ;0.38 ;0.00 ;0.00 ;60.00 ;0.70
20:25:17 ;0.13 ;0.38 ;0.00 ;0.00 ;67.00 ;0.63
20:25:18 ;0.13 ;0.25 ;0.00 ;0.00 ;63.00 ;0.90
20:25:19 ;0.13 ;0.38 ;0.00 ;0.00 ;183.00 ;2.89
20:25:20 ;0.12 ;0.50 ;0.00 ;0.00 ;17.00 ;0.53
20:25:21 ;0.00 ;0.38 ;0.00 ;0.00 ;9.00 ;0.56
20:25:22 ;0.12 ;0.75 ;0.00 ;0.00 ;71.00 ;0.56
20:25:23 ;0.25 ;0.38 ;0.00 ;0.00 ;47.00 ;1.02
20:25:24 ;0.13 ;0.50 ;0.00 ;0.00 ;33.00 ;0.64
20:25:25 ;0.13 ;0.25 ;0.00 ;0.00 ;27.00 ;0.78
20:25:26 ;0.13 ;0.50 ;0.00 ;0.00 ;40.00 ;0.70
20:25:27 ;0.25 ;0.25 ;0.00 ;0.00 ;51.00 ;0.78
20:25:28 ;0.00 ;0.63 ;0.00 ;0.00 ;19.00 ;0.84
20:25:29 ;0.25 ;0.38 ;0.00 ;0.00 ;49.00 ;0.65
20:25:30 ;0.00 ;0.25 ;0.00 ;0.00 ;0.00 ;0.00
20:25:31 ;0.12 ;0.38 ;0.00 ;0.00 ;22.00 ;0.82
20:25:32 ;0.38 ;0.38 ;0.00 ;0.00 ;243.00 ;2.15
20:25:33 ;0.12 ;0.37 ;0.00 ;0.00 ;43.00 ;0.58
20:25:34 ;0.00 ;0.25 ;0.00 ;0.00 ;37.00 ;0.70
20:25:35 ;0.12 ;0.25 ;0.00 ;0.00 ;36.00 ;0.64
20:25:36 ;0.25 ;0.25 ;0.00 ;0.00 ;71.00 ;0.58
20:25:37 ;0.38 ;0.50 ;0.00 ;0.00 ;77.00 ;0.81
20:25:38 ;0.25 ;0.38 ;0.00 ;0.00 ;222.00 ;2.65
20:25:39 ;0.13 ;0.38 ;0.00 ;0.00 ;40.00 ;0.65
20:25:40 ;0.13 ;0.38 ;0.00 ;0.00 ;38.00 ;0.68
20:25:41 ;0.13 ;0.38 ;0.00 ;0.00 ;24.00 ;0.50
20:25:42 ;0.25 ;0.38 ;0.00 ;0.00 ;91.00 ;0.66
20:25:43 ;0.13 ;0.25 ;0.00 ;0.00 ;157.00 ;1.50
20:25:44 ;0.12 ;0.25 ;0.00 ;0.00 ;49.00 ;0.67
20:25:45 ;0.13 ;0.13 ;0.00 ;0.00 ;57.00 ;0.61
20:25:46 ;0.13 ;0.25 ;0.00 ;0.00 ;53.00 ;0.70
20:25:47 ;0.25 ;0.38 ;0.00 ;0.00 ;67.00 ;0.78
20:25:48 ;0.25 ;0.38 ;0.00 ;0.00 ;61.00 ;1.02
20:25:49 ;0.25 ;0.25 ;0.00 ;0.00 ;55.00 ;1.80
20:25:50 ;0.62 ;0.50 ;0.00 ;0.00 ;201.00 ;2.34
20:25:51 ;0.00 ;0.38 ;0.00 ;0.00 ;48.00 ;0.54
20:25:52 ;0.38 ;0.50 ;0.00 ;0.00 ;63.00 ;1.02
20:25:53 ;0.25 ;0.38 ;0.00 ;0.00 ;54.00 ;0.93
20:25:54 ;0.13 ;0.50 ;0.00 ;0.00 ;43.00 ;0.70
20:25:55 ;0.13 ;0.25 ;0.00 ;0.00 ;55.00 ;0.65
20:25:56 ;0.13 ;0.25 ;0.00 ;0.00 ;162.00 ;1.70
20:25:57 ;0.25 ;0.38 ;0.00 ;0.00 ;58.00 ;0.69
20:25:58 ;0.13 ;0.25 ;0.00 ;0.00 ;65.00 ;0.66
20:25:59 ;0.13 ;0.13 ;0.00 ;0.00 ;22.00 ;0.64
20:26:00 ;0.13 ;0.50 ;0.00 ;0.00 ;35.00 ;0.74
20:26:01 ;0.00 ;0.50 ;0.00 ;0.00 ;170.00 ;1.64
20:26:02 ;0.25 ;0.50 ;0.00 ;0.00 ;50.00 ;0.78
20:26:03 ;0.13 ;0.63 ;0.00 ;0.00 ;50.00 ;0.78
20:26:04 ;0.13 ;0.38 ;0.00 ;0.00 ;43.00 ;0.65
20:26:05 ;0.12 ;0.50 ;0.00 ;0.00 ;16.00 ;0.62
20:26:06 ;0.13 ;0.38 ;0.00 ;0.00 ;31.00 ;0.65
20:26:07 ;0.13 ;0.38 ;0.00 ;0.00 ;43.00 ;0.65
20:26:08 ;0.13 ;0.25 ;0.00 ;0.00 ;185.00 ;1.48
20:26:09 ;0.00 ;0.38 ;0.00 ;0.00 ;19.00 ;3.21
20:26:10 ;0.12 ;0.50 ;0.00 ;0.00 ;29.00 ;0.55
20:26:11 ;0.00 ;0.25 ;0.00 ;0.00 ;17.00 ;0.71
20:26:12 ;0.38 ;0.38 ;0.00 ;0.00 ;46.00 ;0.87
20:26:13 ;0.00 ;0.38 ;0.00 ;0.00 ;35.00 ;0.69
20:26:14 ;0.25 ;0.38 ;0.00 ;0.00 ;158.00 ;1.42
20:26:15 ;0.00 ;0.25 ;0.00 ;0.00 ;9.00 ;0.56
20:26:16 ;0.12 ;0.50 ;0.00 ;0.00 ;22.77 ;0.65
20:26:17 ;0.13 ;0.38 ;0.00 ;0.00 ;42.00 ;0.67
20:26:18 ;0.13 ;0.38 ;0.00 ;0.00 ;36.00 ;0.58
20:26:19 ;0.00 ;0.38 ;0.00 ;0.00 ;38.00 ;1.18
20:26:20 ;0.13 ;0.38 ;0.00 ;0.00 ;160.00 ;1.83
20:26:21 ;0.13 ;0.25 ;0.00 ;0.00 ;49.00 ;0.61
20:26:22 ;0.13 ;0.38 ;0.00 ;0.00 ;23.00 ;0.70
20:26:23 ;0.12 ;0.38 ;0.00 ;0.00 ;53.00 ;0.57
20:26:24 ;0.25 ;0.37 ;0.00 ;0.00 ;39.00 ;0.87
20:26:25 ;0.12 ;0.50 ;0.00 ;0.00 ;131.00 ;2.89
20:26:26 ;0.00 ;0.50 ;0.00 ;0.00 ;10.00 ;0.50
20:26:27 ;0.13 ;0.50 ;0.00 ;0.00 ;39.00 ;0.54
20:26:28 ;0.12 ;0.62 ;0.00 ;0.00 ;46.00 ;0.57
20:26:29 ;0.38 ;0.38 ;0.00 ;0.00 ;83.00 ;0.78
20:26:30 ;0.25 ;0.38 ;0.00 ;0.00 ;40.00 ;0.80
20:26:31 ;0.12 ;0.50 ;0.00 ;0.00 ;24.00 ;0.75
20:26:32 ;0.00 ;0.38 ;0.00 ;0.00 ;142.00 ;1.39
20:26:33 ;0.13 ;0.25 ;0.00 ;0.00 ;31.00 ;0.81
20:26:34 ;0.13 ;0.25 ;0.00 ;0.00 ;30.00 ;0.63
20:26:35 ;0.13 ;0.25 ;0.00 ;0.00 ;24.00 ;0.67
20:26:36 ;0.25 ;0.25 ;0.00 ;0.00 ;141.00 ;1.40
20:26:37 ;0.25 ;0.25 ;0.00 ;0.00 ;34.00 ;0.68
20:26:38 ;0.12 ;0.38 ;0.00 ;0.00 ;226.00 ;1.54
20:26:39 ;0.00 ;0.25 ;0.00 ;0.00 ;43.00 ;1.07
20:26:40 ;0.13 ;0.38 ;0.00 ;0.00 ;37.00 ;0.65
20:26:41 ;0.13 ;0.25 ;0.00 ;0.00 ;16.00 ;0.56
20:26:42 ;0.13 ;0.38 ;0.00 ;0.00 ;49.00 ;0.78
20:26:43 ;0.13 ;0.25 ;0.00 ;0.00 ;149.00 ;1.53
20:26:44 ;0.13 ;0.38 ;0.00 ;0.00 ;24.00 ;0.58
20:26:45 ;0.00 ;0.38 ;0.00 ;0.00 ;13.00 ;0.69
20:26:46 ;0.13 ;0.25 ;0.00 ;0.00 ;22.00 ;0.73
20:26:47 ;0.13 ;0.38 ;0.00 ;0.00 ;38.00 ;0.71
20:26:48 ;0.13 ;0.25 ;0.00 ;0.00 ;39.00 ;0.79
20:26:49 ;0.13 ;0.38 ;0.00 ;0.00 ;53.00 ;0.72
20:26:50 ;0.13 ;0.38 ;0.00 ;0.00 ;184.00 ;1.43
20:26:51 ;0.00 ;0.38 ;0.00 ;0.00 ;16.00 ;0.56
20:26:52 ;0.13 ;0.25 ;0.00 ;0.00 ;41.00 ;0.66
20:26:53 ;0.25 ;0.25 ;0.00 ;0.00 ;39.00 ;0.69
20:26:54 ;0.25 ;0.38 ;0.00 ;0.00 ;62.00 ;1.05
20:26:55 ;0.00 ;0.25 ;0.00 ;0.00 ;36.00 ;0.75
20:26:56 ;0.12 ;0.37 ;0.00 ;0.00 ;127.00 ;1.44
20:26:57 ;0.13 ;0.25 ;0.00 ;0.00 ;38.00 ;0.61
20:26:58 ;0.13 ;0.50 ;0.00 ;0.00 ;41.00 ;0.76
20:26:59 ;0.13 ;0.13 ;0.00 ;0.00 ;18.00 ;0.61
20:27:00 ;0.12 ;0.38 ;0.00 ;0.00 ;44.00 ;0.59
20:27:01 ;0.00 ;0.25 ;0.00 ;0.00 ;22.00 ;0.55
20:27:02 ;0.13 ;0.38 ;0.00 ;0.00 ;125.00 ;1.59
20:27:03 ;0.13 ;0.38 ;0.00 ;0.00 ;23.00 ;0.61
20:27:04 ;0.13 ;0.25 ;0.00 ;0.00 ;37.00 ;0.59
20:27:05 ;0.00 ;0.25 ;0.00 ;0.00 ;22.00 ;0.73
20:27:06 ;0.13 ;0.25 ;0.00 ;0.00 ;44.00 ;0.68
20:27:07 ;0.25 ;0.38 ;0.00 ;0.00 ;165.00 ;1.12
20:27:08 ;0.13 ;0.38 ;0.00 ;0.00 ;42.00 ;0.93
20:27:09 ;0.12 ;0.50 ;0.00 ;0.00 ;35.00 ;0.80
20:27:10 ;0.13 ;0.50 ;0.00 ;0.00 ;33.00 ;0.61
20:27:11 ;0.00 ;0.37 ;0.00 ;0.00 ;12.00 ;0.50
20:27:12 ;0.13 ;0.50 ;0.00 ;0.00 ;39.00 ;0.67
20:27:13 ;0.13 ;0.38 ;0.00 ;0.00 ;44.00 ;0.64
20:27:14 ;0.12 ;0.38 ;0.00 ;0.00 ;141.00 ;1.51
20:27:15 ;0.12 ;0.37 ;0.00 ;0.00 ;21.00 ;0.81
20:27:16 ;0.13 ;0.38 ;0.00 ;0.00 ;34.00 ;0.74
20:27:17 ;0.13 ;0.38 ;0.00 ;0.00 ;41.00 ;0.93
20:27:18 ;0.12 ;0.50 ;0.00 ;0.00 ;44.00 ;0.50
20:27:19 ;0.13 ;0.25 ;0.00 ;0.00 ;67.00 ;0.93
20:27:20 ;0.25 ;0.50 ;0.00 ;0.00 ;201.00 ;1.82
20:27:21 ;0.25 ;0.37 ;0.00 ;0.00 ;37.00 ;0.97
20:27:22 ;0.13 ;0.38 ;0.00 ;0.00 ;43.00 ;0.77
20:27:23 ;0.13 ;0.25 ;0.00 ;0.00 ;39.00 ;0.62
20:27:24 ;0.12 ;0.37 ;0.00 ;0.00 ;35.00 ;0.60
20:27:25 ;0.13 ;0.38 ;0.00 ;0.00 ;141.00 ;2.06
20:27:26 ;0.13 ;0.25 ;0.00 ;0.00 ;42.00 ;0.69
20:27:27 ;0.13 ;0.38 ;0.00 ;0.00 ;24.00 ;0.62
20:27:28 ;0.13 ;0.50 ;0.00 ;0.00 ;28.00 ;0.64
20:27:29 ;0.00 ;0.25 ;0.00 ;0.00 ;23.00 ;0.78
20:27:30 ;0.13 ;0.38 ;0.00 ;0.00 ;29.00 ;0.59
20:27:31 ;0.12 ;0.37 ;0.00 ;0.00 ;21.00 ;0.76
20:27:32 ;0.13 ;0.38 ;0.00 ;0.00 ;148.00 ;1.68
20:27:33 ;0.00 ;0.38 ;0.00 ;0.00 ;30.00 ;0.50
20:27:34 ;0.13 ;0.38 ;0.00 ;0.00 ;33.00 ;0.79
20:27:35 ;0.12 ;0.37 ;0.00 ;0.00 ;35.00 ;0.63
20:27:36 ;0.12 ;0.38 ;0.00 ;0.00 ;24.00 ;0.79
20:27:37 ;0.00 ;0.38 ;0.00 ;0.00 ;20.00 ;0.60
20:27:38 ;0.12 ;0.38 ;0.00 ;0.00 ;29.00 ;0.69
20:27:39 ;0.12 ;0.25 ;0.00 ;0.00 ;52.00 ;0.50
20:27:40 ;0.13 ;0.63 ;0.00 ;0.00 ;32.00 ;1.06
20:27:41 ;0.00 ;0.63 ;0.00 ;0.00 ;38.00 ;0.53
20:27:42 ;0.25 ;0.50 ;0.00 ;0.00 ;52.00 ;0.60
20:27:43 ;0.13 ;0.50 ;0.00 ;0.00 ;263.00 ;1.74
20:27:44 ;0.12 ;0.50 ;0.00 ;0.00 ;10.00 ;0.70
20:27:45 ;0.12 ;0.50 ;0.00 ;0.00 ;54.00 ;0.72
20:27:46 ;0.25 ;0.50 ;0.00 ;0.00 ;57.00 ;0.89
20:27:47 ;0.13 ;0.38 ;0.00 ;0.00 ;28.00 ;0.86
20:27:48 ;0.13 ;0.38 ;0.00 ;0.00 ;38.00 ;0.89
20:27:49 ;0.12 ;0.37 ;0.00 ;0.00 ;65.00 ;0.95
20:27:50 ;0.13 ;0.50 ;0.00 ;0.00 ;31.00 ;0.68
20:27:51 ;0.13 ;0.25 ;0.00 ;0.00 ;15.00 ;0.60
20:27:52 ;0.13 ;0.38 ;0.00 ;0.00 ;47.00 ;0.68
20:27:53 ;0.12 ;0.25 ;0.00 ;0.00 ;35.00 ;0.69
20:27:54 ;0.13 ;0.25 ;0.00 ;0.00 ;222.00 ;1.63
20:27:55 ;0.00 ;0.50 ;0.00 ;0.00 ;30.00 ;0.53
20:27:56 ;0.12 ;0.37 ;0.00 ;0.00 ;25.00 ;1.00
20:27:57 ;0.00 ;0.38 ;0.00 ;0.00 ;33.00 ;0.64
20:27:58 ;0.13 ;0.38 ;0.00 ;0.00 ;28.00 ;0.79
20:27:59 ;0.13 ;0.38 ;0.00 ;0.00 ;36.00 ;0.86
20:28:00 ;0.25 ;0.50 ;0.00 ;0.00 ;50.00 ;0.74
20:28:01 ;0.13 ;0.75 ;0.00 ;0.00 ;31.00 ;1.26
20:28:02 ;0.12 ;0.62 ;0.00 ;0.00 ;48.00 ;0.62
20:28:03 ;0.13 ;0.50 ;0.00 ;0.00 ;32.00 ;0.59
20:28:04 ;0.00 ;0.38 ;0.00 ;0.00 ;19.00 ;0.95
20:28:05 ;0.25 ;0.38 ;0.00 ;0.00 ;237.00 ;1.82
20:28:06 ;0.00 ;0.50 ;0.00 ;0.00 ;20.00 ;0.65
20:28:07 ;0.25 ;0.38 ;0.00 ;0.00 ;46.00 ;0.74
20:28:08 ;0.13 ;0.38 ;0.00 ;0.00 ;36.00 ;0.61
20:28:09 ;0.13 ;0.38 ;0.00 ;0.00 ;51.00 ;0.59
20:28:10 ;0.13 ;0.38 ;0.00 ;0.00 ;50.00 ;0.76
20:28:11 ;0.12 ;0.37 ;0.00 ;0.00 ;30.00 ;0.70
20:28:12 ;0.13 ;0.38 ;0.00 ;0.00 ;53.00 ;0.51
20:28:13 ;0.13 ;0.50 ;0.00 ;0.00 ;51.00 ;0.71
20:28:14 ;0.12 ;0.37 ;0.00 ;0.00 ;21.00 ;0.57
20:28:15 ;0.00 ;0.38 ;0.00 ;0.00 ;36.00 ;0.86
20:28:16 ;0.13 ;0.38 ;0.00 ;0.00 ;18.00 ;0.56
20:28:17 ;0.00 ;0.38 ;0.00 ;0.00 ;22.00 ;0.86
20:28:18 ;0.25 ;0.38 ;0.00 ;0.00 ;39.00 ;0.87
20:28:19 ;0.00 ;0.25 ;0.00 ;0.00 ;27.00 ;0.56
20:28:20 ;0.13 ;0.38 ;0.00 ;0.00 ;41.00 ;0.90
20:28:21 ;0.00 ;0.38 ;0.00 ;0.00 ;25.00 ;0.72
20:28:22 ;0.25 ;0.38 ;0.00 ;0.00 ;47.00 ;0.81
20:28:23 ;0.13 ;0.50 ;0.00 ;0.00 ;30.00 ;0.77
20:28:24 ;0.12 ;0.50 ;0.00 ;0.00 ;31.00 ;0.55
20:28:25 ;0.00 ;0.50 ;0.00 ;0.00 ;23.00 ;0.83
20:28:26 ;0.13 ;0.50 ;0.00 ;0.00 ;25.00 ;0.96
20:28:27 ;0.12 ;0.38 ;0.00 ;0.00 ;42.00 ;0.88
20:28:28 ;0.25 ;0.38 ;1.00 ;1.00 ;52.00 ;0.60
20:28:29 ;0.00 ;0.38 ;0.00 ;0.00 ;17.00 ;0.76
20:28:30 ;0.25 ;0.38 ;0.00 ;0.00 ;39.00 ;0.77
20:28:31 ;0.13 ;0.38 ;0.00 ;0.00 ;40.00 ;0.78
20:28:32 ;0.00 ;0.38 ;0.00 ;0.00 ;27.00 ;0.67
20:28:33 ;0.25 ;0.38 ;0.00 ;0.00 ;56.00 ;0.54
20:28:34 ;0.13 ;0.38 ;0.00 ;0.00 ;45.00 ;0.62
20:28:35 ;0.12 ;0.38 ;0.00 ;0.00 ;33.00 ;0.76
20:28:36 ;0.38 ;0.38 ;0.00 ;0.00 ;300.00 ;2.53
20:28:37 ;0.00 ;0.50 ;0.00 ;0.00 ;16.00 ;0.75
20:28:38 ;0.25 ;0.50 ;0.00 ;0.00 ;47.00 ;0.83
20:28:39 ;0.13 ;0.50 ;0.00 ;0.00 ;25.00 ;0.64
20:28:40 ;0.13 ;0.38 ;0.00 ;0.00 ;37.00 ;0.59
20:28:41 ;0.00 ;0.38 ;0.00 ;0.00 ;32.00 ;0.69
20:28:42 ;0.25 ;0.38 ;0.00 ;0.00 ;50.00 ;1.04
20:28:43 ;0.12 ;0.25 ;0.00 ;0.00 ;23.00 ;1.00
20:28:44 ;0.00 ;0.38 ;0.00 ;0.00 ;28.00 ;0.54
20:28:45 ;0.12 ;0.37 ;0.00 ;0.00 ;23.00 ;0.96
20:28:46 ;0.13 ;0.25 ;0.00 ;0.00 ;240.00 ;1.73
20:28:47 ;0.13 ;0.38 ;0.00 ;0.00 ;19.00 ;0.79
20:28:48 ;0.13 ;0.50 ;0.00 ;0.00 ;46.00 ;0.72
20:28:49 ;0.00 ;0.25 ;0.00 ;0.00 ;13.00 ;0.54
20:28:50 ;0.13 ;0.25 ;0.00 ;0.00 ;60.00 ;0.87
20:28:51 ;0.13 ;0.25 ;0.00 ;0.00 ;35.00 ;0.77
20:28:52 ;0.25 ;0.38 ;0.00 ;0.00 ;30.00 ;1.40
20:28:53 ;0.25 ;0.38 ;0.00 ;0.00 ;58.00 ;0.93
20:28:54 ;0.13 ;0.38 ;0.00 ;0.00 ;49.00 ;1.04
20:28:55 ;0.13 ;0.13 ;0.00 ;0.00 ;47.00 ;0.72
20:28:56 ;0.13 ;0.25 ;0.00 ;0.00 ;205.00 ;2.23
20:28:57 ;0.38 ;0.63 ;0.00 ;0.00 ;71.00 ;1.00
20:28:58 ;0.13 ;0.63 ;0.00 ;0.00 ;40.00 ;0.65
20:28:59 ;0.13 ;0.38 ;0.00 ;0.00 ;17.00 ;1.12
20:29:00 ;0.13 ;0.63 ;0.00 ;0.00 ;39.00 ;0.69
20:29:01 ;0.00 ;0.50 ;0.00 ;0.00 ;40.00 ;0.70
20:29:02 ;0.12 ;0.38 ;0.00 ;0.00 ;28.00 ;0.68
20:29:03 ;0.38 ;0.50 ;0.00 ;0.00 ;46.00 ;0.96
20:29:04 ;0.13 ;0.38 ;0.00 ;0.00 ;48.00 ;0.83
20:29:05 ;0.25 ;0.38 ;0.00 ;0.00 ;42.00 ;0.86
20:29:06 ;0.00 ;0.50 ;0.00 ;0.00 ;38.00 ;0.61
20:29:07 ;0.25 ;0.38 ;0.00 ;0.00 ;45.00 ;0.84
20:29:08 ;0.25 ;0.50 ;0.00 ;0.00 ;239.00 ;1.94
20:29:09 ;0.13 ;0.38 ;0.00 ;0.00 ;35.00 ;0.80
20:29:10 ;0.13 ;0.50 ;0.00 ;0.00 ;41.00 ;0.68
20:29:11 ;0.25 ;0.50 ;0.00 ;0.00 ;39.00 ;1.10
20:29:12 ;0.00 ;0.50 ;0.00 ;0.00 ;25.00 ;0.68
20:29:13 ;0.13 ;0.38 ;0.00 ;0.00 ;46.00 ;0.98
20:29:14 ;0.25 ;0.50 ;0.00 ;0.00 ;42.00 ;1.40
20:29:15 ;0.12 ;0.50 ;0.00 ;0.00 ;23.00 ;0.96
20:29:16 ;0.13 ;0.50 ;0.00 ;0.00 ;39.00 ;0.62
20:29:17 ;0.12 ;0.37 ;0.00 ;0.00 ;16.00 ;0.62
20:29:18 ;0.13 ;0.38 ;0.00 ;0.00 ;37.00 ;0.70
20:29:19 ;0.13 ;0.38 ;0.00 ;0.00 ;28.00 ;0.68
20:29:20 ;0.13 ;0.38 ;0.00 ;0.00 ;74.00 ;1.24
20:29:21 ;0.13 ;0.25 ;0.00 ;0.00 ;24.00 ;0.83
20:29:22 ;0.13 ;0.38 ;0.00 ;0.00 ;41.00 ;0.85
20:29:23 ;0.25 ;0.38 ;0.00 ;0.00 ;68.00 ;0.75
20:29:24 ;0.13 ;0.38 ;0.00 ;0.00 ;16.00 ;0.88
20:29:25 ;0.25 ;0.50 ;0.00 ;0.00 ;49.00 ;0.82
20:29:26 ;0.13 ;0.50 ;0.00 ;0.00 ;52.00 ;0.67
20:29:27 ;0.12 ;0.38 ;0.00 ;0.00 ;42.00 ;0.79
20:29:28 ;0.12 ;0.75 ;0.00 ;0.00 ;39.00 ;0.56
20:29:29 ;0.13 ;0.38 ;0.00 ;0.00 ;31.00 ;1.16
20:29:30 ;0.25 ;0.63 ;0.00 ;0.00 ;58.00 ;0.83
20:29:31 ;0.12 ;0.38 ;0.00 ;0.00 ;28.00 ;1.18
20:29:32 ;0.25 ;0.50 ;0.00 ;0.00 ;51.00 ;0.88
20:29:33 ;0.25 ;0.38 ;0.00 ;0.00 ;64.00 ;0.73
20:29:34 ;0.00 ;0.37 ;0.00 ;0.00 ;19.00 ;0.47
20:29:35 ;0.13 ;0.25 ;0.00 ;0.00 ;6.00 ;1.00
20:29:36 ;0.12 ;0.37 ;0.00 ;0.00 ;31.00 ;0.74
20:29:37 ;0.00 ;0.63 ;0.00 ;0.00 ;21.00 ;0.71
20:29:38 ;0.13 ;0.50 ;0.00 ;0.00 ;33.00 ;0.67
20:29:39 ;0.13 ;0.38 ;0.00 ;0.00 ;282.00 ;1.77
20:29:40 ;0.00 ;0.38 ;0.00 ;0.00 ;15.00 ;1.67
20:29:41 ;0.25 ;0.50 ;0.00 ;0.00 ;57.00 ;0.63
20:29:42 ;0.13 ;0.38 ;0.00 ;0.00 ;44.00 ;0.68
20:29:43 ;0.25 ;0.38 ;0.00 ;0.00 ;35.00 ;1.00
20:29:44 ;0.25 ;0.50 ;0.00 ;0.00 ;60.00 ;1.00
20:29:45 ;0.12 ;0.38 ;0.00 ;0.00 ;44.00 ;0.70
20:29:46 ;0.12 ;0.38 ;0.00 ;0.00 ;37.00 ;0.78
20:29:47 ;0.12 ;0.25 ;0.00 ;0.00 ;33.00 ;1.03
20:29:48 ;0.25 ;0.38 ;0.00 ;0.00 ;55.00 ;0.84
20:29:49 ;0.13 ;0.50 ;0.00 ;0.00 ;263.00 ;1.60
20:29:50 ;0.13 ;0.38 ;0.00 ;0.00 ;39.00 ;1.49
20:29:51 ;0.12 ;0.37 ;0.00 ;0.00 ;31.00 ;0.74
20:29:52 ;0.13 ;0.38 ;0.00 ;0.00 ;52.00 ;0.58
20:29:53 ;0.13 ;0.25 ;0.00 ;0.00 ;60.00 ;0.57
20:29:54 ;0.13 ;0.38 ;0.00 ;0.00 ;33.00 ;0.55
20:29:55 ;0.00 ;0.38 ;0.00 ;0.00 ;8.00 ;0.62
20:29:56 ;0.25 ;0.37 ;0.00 ;0.00 ;44.00 ;0.86
20:29:57 ;0.13 ;0.38 ;0.00 ;0.00 ;47.00 ;0.72
20:29:58 ;0.25 ;0.50 ;0.00 ;0.00 ;57.00 ;0.70
20:29:59 ;0.00 ;0.25 ;0.00 ;0.00 ;15.00 ;0.87
20:30:00 ;0.25 ;0.38 ;0.00 ;0.00 ;74.00 ;0.78
20:30:01 ;0.13 ;0.50 ;0.00 ;0.00 ;59.00 ;0.63
20:30:02 ;0.13 ;0.63 ;0.00 ;0.00 ;52.00 ;0.65
20:30:03 ;0.25 ;0.50 ;0.00 ;0.00 ;56.00 ;0.79
20:30:04 ;0.25 ;0.38 ;0.00 ;0.00 ;71.00 ;0.61
20:30:05 ;0.00 ;0.38 ;0.00 ;0.00 ;13.00 ;0.54
20:30:06 ;0.12 ;0.37 ;0.00 ;0.00 ;39.00 ;0.69
20:30:07 ;0.13 ;0.38 ;0.00 ;0.00 ;45.00 ;0.78
20:30:08 ;0.13 ;0.50 ;0.00 ;0.00 ;52.00 ;0.62
20:30:09 ;0.13 ;0.38 ;0.00 ;0.00 ;10.00 ;0.60
20:30:10 ;0.00 ;0.38 ;0.00 ;0.00 ;15.00 ;0.53
20:30:11 ;0.13 ;0.50 ;0.00 ;0.00 ;46.00 ;0.70
20:30:12 ;0.13 ;0.38 ;0.00 ;0.00 ;47.00 ;0.62
20:30:13 ;0.25 ;0.38 ;0.00 ;0.00 ;33.00 ;0.76
20:30:14 ;0.00 ;0.25 ;0.00 ;0.00 ;24.00 ;1.04
20:30:15 ;0.12 ;0.38 ;0.00 ;0.00 ;46.00 ;0.48
20:30:16 ;0.12 ;0.37 ;0.00 ;0.00 ;12.00 ;1.17
20:30:17 ;0.12 ;0.38 ;0.00 ;0.00 ;36.00 ;0.53
20:30:18 ;0.13 ;0.38 ;0.00 ;0.00 ;37.00 ;0.62
20:30:19 ;0.25 ;0.38 ;0.00 ;0.00 ;371.00 ;2.55
20:30:20 ;0.13 ;0.25 ;0.00 ;0.00 ;110.00 ;1.16
20:30:21 ;0.13 ;0.25 ;0.00 ;0.00 ;21.00 ;0.57
20:30:22 ;0.25 ;0.38 ;0.00 ;0.00 ;67.00 ;0.73
20:30:23 ;0.12 ;0.50 ;0.00 ;0.00 ;29.00 ;0.62
20:30:24 ;0.13 ;0.38 ;0.00 ;0.00 ;45.00 ;0.69
20:30:25 ;0.12 ;0.37 ;0.00 ;0.00 ;20.00 ;0.75
20:30:26 ;0.00 ;0.50 ;0.00 ;0.00 ;24.00 ;0.79
20:30:27 ;0.13 ;0.50 ;0.00 ;0.00 ;51.00 ;0.59
20:30:28 ;0.13 ;0.50 ;0.00 ;0.00 ;33.00 ;0.55
20:30:29 ;0.13 ;0.25 ;0.00 ;0.00 ;7.00 ;0.71
20:30:30 ;0.00 ;0.38 ;0.00 ;0.00 ;13.00 ;0.69
20:30:31 ;0.00 ;0.25 ;0.00 ;0.00 ;8.00 ;1.12
20:30:32 ;0.13 ;0.38 ;0.00 ;0.00 ;33.00 ;0.79
20:30:33 ;0.25 ;0.38 ;0.00 ;0.00 ;41.00 ;0.76
20:30:34 ;0.13 ;0.25 ;0.00 ;0.00 ;23.00 ;0.70
20:30:35 ;0.00 ;0.25 ;0.00 ;0.00 ;7.00 ;0.43
20:30:36 ;0.00 ;0.38 ;0.00 ;0.00 ;60.00 ;1.22
20:30:37 ;0.25 ;0.50 ;0.00 ;0.00 ;37.00 ;0.92
20:30:38 ;0.13 ;0.50 ;0.00 ;0.00 ;38.00 ;0.61
20:30:39 ;0.00 ;0.38 ;0.00 ;0.00 ;32.00 ;0.56
20:30:40 ;0.12 ;0.50 ;0.00 ;0.00 ;32.00 ;0.56
20:30:41 ;0.00 ;0.50 ;0.00 ;0.00 ;24.00 ;0.71
20:30:42 ;0.12 ;0.50 ;0.00 ;0.00 ;41.00 ;0.90
20:30:43 ;0.25 ;0.38 ;0.00 ;0.00 ;59.00 ;0.68
20:30:44 ;0.13 ;0.50 ;0.00 ;0.00 ;47.00 ;0.72
20:30:45 ;0.13 ;0.50 ;0.00 ;0.00 ;50.00 ;0.72
20:30:46 ;0.13 ;0.38 ;0.00 ;0.00 ;29.00 ;0.93
20:30:47 ;0.25 ;0.50 ;0.00 ;0.00 ;55.00 ;0.80
20:30:48 ;0.25 ;0.50 ;0.00 ;0.00 ;67.00 ;0.91
20:30:49 ;0.13 ;0.50 ;0.00 ;0.00 ;26.00 ;0.50
20:30:50 ;0.00 ;0.38 ;0.00 ;0.00 ;23.00 ;0.52
20:30:51 ;0.12 ;0.50 ;0.00 ;0.00 ;73.00 ;0.74
20:30:52 ;0.25 ;0.50 ;0.00 ;0.00 ;58.00 ;0.93
20:30:53 ;0.25 ;0.50 ;0.00 ;0.00 ;65.00 ;0.82
20:30:54 ;0.13 ;0.50 ;0.00 ;0.00 ;51.00 ;0.59
20:30:55 ;0.12 ;0.50 ;0.00 ;0.00 ;11.00 ;0.45
20:30:56 ;0.12 ;0.37 ;0.00 ;0.00 ;281.00 ;2.64
20:30:57 ;0.13 ;0.25 ;0.00 ;0.00 ;39.00 ;0.87
20:30:58 ;0.13 ;0.38 ;0.00 ;0.00 ;46.00 ;0.72
20:30:59 ;0.12 ;0.38 ;0.00 ;0.00 ;6.00 ;0.83
20:31:00 ;0.00 ;0.38 ;0.00 ;0.00 ;21.00 ;1.05
20:31:01 ;0.12 ;0.50 ;0.00 ;0.00 ;5.00 ;0.60
20:31:02 ;0.00 ;0.50 ;0.00 ;0.00 ;26.00 ;0.46
20:31:03 ;0.25 ;0.62 ;0.00 ;0.00 ;47.00 ;0.68
20:31:04 ;0.13 ;0.38 ;0.00 ;0.00 ;29.00 ;0.90
20:31:05 ;0.00 ;0.38 ;0.00 ;0.00 ;35.00 ;0.57
20:31:06 ;0.13 ;0.38 ;0.00 ;0.00 ;24.00 ;0.62
20:31:07 ;0.12 ;0.25 ;0.00 ;0.00 ;43.00 ;0.56
20:31:08 ;0.13 ;0.50 ;0.00 ;0.00 ;27.00 ;0.70
20:31:09 ;0.00 ;0.38 ;0.00 ;0.00 ;24.00 ;0.83
20:31:10 ;0.13 ;0.38 ;0.00 ;0.00 ;33.00 ;0.52
20:31:11 ;0.00 ;0.38 ;0.00 ;0.00 ;12.00 ;0.50
20:31:12 ;0.13 ;0.25 ;0.00 ;0.00 ;82.00 ;1.30
20:31:13 ;0.13 ;0.25 ;0.00 ;0.00 ;52.00 ;0.63
20:31:14 ;0.12 ;0.37 ;0.00 ;0.00 ;50.00 ;0.58
20:31:15 ;0.12 ;0.38 ;0.00 ;0.00 ;42.00 ;0.57
20:31:16 ;0.13 ;0.38 ;0.00 ;0.00 ;45.00 ;0.71
20:31:17 ;0.00 ;0.38 ;0.00 ;0.00 ;26.00 ;0.54
20:31:18 ;0.12 ;0.50 ;0.00 ;0.00 ;46.00 ;0.57
20:31:19 ;0.13 ;0.25 ;0.00 ;0.00 ;17.00 ;0.76
20:31:20 ;0.13 ;0.38 ;0.00 ;0.00 ;31.00 ;0.55
20:31:21 ;0.00 ;0.38 ;0.00 ;0.00 ;35.00 ;1.06
20:31:22 ;0.13 ;0.38 ;0.00 ;0.00 ;312.00 ;1.82
20:31:23 ;0.12 ;0.38 ;0.00 ;0.00 ;47.00 ;0.68
20:31:24 ;0.13 ;0.25 ;0.00 ;0.00 ;19.00 ;0.58
20:31:25 ;0.13 ;0.25 ;0.00 ;0.00 ;47.00 ;0.94
20:31:26 ;0.13 ;0.38 ;0.00 ;0.00 ;65.00 ;0.58
20:31:27 ;0.25 ;0.38 ;0.00 ;0.00 ;70.00 ;0.76
20:31:28 ;0.13 ;0.38 ;0.00 ;0.00 ;44.00 ;0.64
20:31:29 ;0.12 ;0.37 ;0.00 ;0.00 ;21.00 ;0.71
20:31:30 ;0.13 ;0.50 ;0.00 ;0.00 ;20.00 ;0.85
20:31:31 ;0.00 ;0.25 ;0.00 ;0.00 ;6.00 ;0.50
20:31:32 ;0.00 ;0.38 ;0.00 ;0.00 ;18.00 ;0.61
20:31:33 ;0.25 ;0.50 ;0.00 ;0.00 ;58.00 ;0.72
20:31:34 ;0.13 ;0.38 ;0.00 ;0.00 ;12.00 ;0.83
20:31:35 ;0.25 ;0.38 ;0.00 ;0.00 ;37.00 ;0.95
20:31:36 ;0.50 ;0.25 ;0.00 ;0.00 ;251.00 ;0.93
20:31:37 ;0.13 ;0.38 ;0.00 ;0.00 ;36.00 ;0.56
20:31:38 ;0.38 ;0.38 ;0.00 ;0.00 ;297.00 ;4.49
20:31:39 ;0.13 ;0.25 ;0.00 ;0.00 ;30.00 ;0.73
20:31:40 ;0.12 ;0.37 ;0.00 ;0.00 ;48.51 ;0.57
20:31:41 ;0.13 ;0.38 ;0.00 ;0.00 ;23.00 ;0.74
20:31:42 ;0.13 ;0.38 ;0.00 ;0.00 ;42.00 ;0.69
20:31:43 ;0.13 ;0.25 ;0.00 ;0.00 ;49.00 ;0.53
20:31:44 ;0.00 ;0.37 ;0.00 ;0.00 ;14.00 ;0.71
20:31:45 ;0.13 ;0.25 ;0.00 ;0.00 ;21.00 ;0.86
20:31:46 ;0.12 ;0.38 ;0.00 ;0.00 ;35.00 ;0.63
