21:31:44 ;0.21 ;0.51 ;2.39 ;0.90 ;57.45 ;3.37
21:31:45 ;0.13 ;0.50 ;0.00 ;0.00 ;59.00 ;0.61
21:31:46 ;0.00 ;0.63 ;0.00 ;0.00 ;78.00 ;1.04
21:31:47 ;0.13 ;0.50 ;0.00 ;0.00 ;51.00 ;0.61
21:31:48 ;0.25 ;0.50 ;0.00 ;0.00 ;70.00 ;0.64
21:31:49 ;0.13 ;0.50 ;0.00 ;0.00 ;36.00 ;0.47
21:31:50 ;0.00 ;0.38 ;0.00 ;0.00 ;86.00 ;1.16
21:31:51 ;0.13 ;0.50 ;0.00 ;0.00 ;28.00 ;0.68
21:31:52 ;0.25 ;0.38 ;0.00 ;0.00 ;70.00 ;0.93
21:31:53 ;0.12 ;0.62 ;0.00 ;0.00 ;38.00 ;0.84
21:31:54 ;0.13 ;0.63 ;0.00 ;0.00 ;32.00 ;0.56
21:31:55 ;0.12 ;0.75 ;0.00 ;0.00 ;49.00 ;0.63
21:31:56 ;0.13 ;0.50 ;0.00 ;0.00 ;53.00 ;0.60
21:31:57 ;0.13 ;0.63 ;0.00 ;0.00 ;31.00 ;0.65
21:31:58 ;0.13 ;0.50 ;0.00 ;0.00 ;64.00 ;0.72
21:31:59 ;0.13 ;0.38 ;0.00 ;0.00 ;38.00 ;0.55
21:32:00 ;0.00 ;0.63 ;0.00 ;0.00 ;12.00 ;0.50
21:32:01 ;0.13 ;0.75 ;0.00 ;0.00 ;38.00 ;0.58
21:32:02 ;0.25 ;0.88 ;0.00 ;0.00 ;71.00 ;0.59
21:32:03 ;0.13 ;0.63 ;0.00 ;0.00 ;55.00 ;0.75
21:32:04 ;0.00 ;0.63 ;0.00 ;0.00 ;21.78 ;0.55
21:32:05 ;0.25 ;0.50 ;0.00 ;0.00 ;46.00 ;0.61
21:32:06 ;0.13 ;0.63 ;0.00 ;0.00 ;34.00 ;0.68
21:32:07 ;0.25 ;0.50 ;0.00 ;0.00 ;202.00 ;1.43
21:32:08 ;0.12 ;0.62 ;0.00 ;0.00 ;45.00 ;0.67
21:32:09 ;0.00 ;0.63 ;0.00 ;0.00 ;25.00 ;0.68
21:32:10 ;0.12 ;0.75 ;0.00 ;0.00 ;38.00 ;0.66
21:32:11 ;0.12 ;0.62 ;0.00 ;0.00 ;34.00 ;0.74
21:32:12 ;0.13 ;0.50 ;0.00 ;0.00 ;38.00 ;0.79
21:32:13 ;0.25 ;0.50 ;0.00 ;0.00 ;148.00 ;1.50
21:32:14 ;0.12 ;0.38 ;0.00 ;0.00 ;46.00 ;0.74
21:32:15 ;0.13 ;0.50 ;0.00 ;0.00 ;48.00 ;0.56
21:32:16 ;0.13 ;0.50 ;0.00 ;0.00 ;78.00 ;0.99
21:32:17 ;0.13 ;0.63 ;0.00 ;0.00 ;62.00 ;0.63
21:32:18 ;0.25 ;0.62 ;0.00 ;0.00 ;44.00 ;0.84
21:32:19 ;0.12 ;0.62 ;0.00 ;0.00 ;62.00 ;0.56
21:32:20 ;0.13 ;0.63 ;0.00 ;0.00 ;47.00 ;0.62
21:32:21 ;0.13 ;0.50 ;0.00 ;0.00 ;30.00 ;0.57
21:32:22 ;0.25 ;0.50 ;0.00 ;0.00 ;86.00 ;0.66
21:32:23 ;0.12 ;0.37 ;0.00 ;0.00 ;60.00 ;0.65
21:32:24 ;0.13 ;0.50 ;0.00 ;0.00 ;27.00 ;0.56
21:32:25 ;0.13 ;0.63 ;0.00 ;0.00 ;199.00 ;2.57
21:32:26 ;0.00 ;0.62 ;0.00 ;0.00 ;17.00 ;0.53
21:32:27 ;0.13 ;0.63 ;0.00 ;0.00 ;40.00 ;0.57
21:32:28 ;0.25 ;0.50 ;0.00 ;0.00 ;56.00 ;0.68
21:32:29 ;0.00 ;0.38 ;0.00 ;0.00 ;42.00 ;1.19
21:32:30 ;0.13 ;0.50 ;0.00 ;0.00 ;38.00 ;0.61
21:32:31 ;0.25 ;0.63 ;0.00 ;0.00 ;63.00 ;0.70
21:32:32 ;0.13 ;0.50 ;0.00 ;0.00 ;45.00 ;0.67
21:32:33 ;0.25 ;0.63 ;0.00 ;0.00 ;49.00 ;0.94
21:32:34 ;0.12 ;0.50 ;0.00 ;0.00 ;41.00 ;0.68
21:32:35 ;0.13 ;0.75 ;0.00 ;0.00 ;43.00 ;0.74
21:32:36 ;0.13 ;0.38 ;0.00 ;0.00 ;51.00 ;0.69
21:32:37 ;0.25 ;0.38 ;0.00 ;0.00 ;76.00 ;0.68
21:32:38 ;0.13 ;0.50 ;0.00 ;0.00 ;52.00 ;0.67
21:32:39 ;0.12 ;0.50 ;0.00 ;0.00 ;46.00 ;0.65
21:32:40 ;0.25 ;0.50 ;0.00 ;0.00 ;60.00 ;0.72
21:32:41 ;0.13 ;0.63 ;0.00 ;0.00 ;49.00 ;0.73
21:32:42 ;0.12 ;0.87 ;0.00 ;0.00 ;39.00 ;0.64
21:32:43 ;0.13 ;0.63 ;0.00 ;0.00 ;51.00 ;0.76
21:32:44 ;0.25 ;0.50 ;0.00 ;0.00 ;53.00 ;0.85
21:32:45 ;0.13 ;0.50 ;0.00 ;0.00 ;56.00 ;0.79
21:32:46 ;0.13 ;0.38 ;0.00 ;0.00 ;66.00 ;1.02
21:32:47 ;0.25 ;0.38 ;0.00 ;0.00 ;64.00 ;0.78
21:32:48 ;0.13 ;0.63 ;0.00 ;0.00 ;32.00 ;0.81
21:32:49 ;0.25 ;0.50 ;0.00 ;0.00 ;51.00 ;1.00
21:32:50 ;0.25 ;0.75 ;0.00 ;0.00 ;55.00 ;0.65
21:32:51 ;0.12 ;0.50 ;0.00 ;0.00 ;37.00 ;0.76
21:32:52 ;0.13 ;0.38 ;0.00 ;0.00 ;40.00 ;0.62
21:32:53 ;0.25 ;0.50 ;0.00 ;0.00 ;58.00 ;0.97
21:32:54 ;0.25 ;0.38 ;0.00 ;0.00 ;58.00 ;0.83
21:32:55 ;0.13 ;0.38 ;0.00 ;0.00 ;37.00 ;0.81
21:32:56 ;0.12 ;0.50 ;0.00 ;0.00 ;352.00 ;2.15
21:32:57 ;0.25 ;0.50 ;0.00 ;0.00 ;50.00 ;0.78
21:32:58 ;0.12 ;0.62 ;0.00 ;0.00 ;31.00 ;0.61
21:32:59 ;0.13 ;0.63 ;0.00 ;0.00 ;49.00 ;0.59
21:33:00 ;0.13 ;0.50 ;0.00 ;0.00 ;47.00 ;0.91
21:33:01 ;0.12 ;0.62 ;0.00 ;0.00 ;27.00 ;0.70
21:33:02 ;0.12 ;0.50 ;0.00 ;0.00 ;38.00 ;0.58
21:33:03 ;0.13 ;0.50 ;0.00 ;0.00 ;53.00 ;0.58
21:33:04 ;0.13 ;0.38 ;0.00 ;0.00 ;37.00 ;0.70
21:33:05 ;0.13 ;0.50 ;0.00 ;0.00 ;43.00 ;0.67
21:33:06 ;0.12 ;0.37 ;0.00 ;0.00 ;35.00 ;0.69
21:33:07 ;0.38 ;0.50 ;0.00 ;0.00 ;359.00 ;1.72
21:33:08 ;0.13 ;0.50 ;0.00 ;0.00 ;26.00 ;0.58
21:33:09 ;0.00 ;0.63 ;0.00 ;0.00 ;21.00 ;0.57
21:33:10 ;0.25 ;0.63 ;0.00 ;0.00 ;55.00 ;0.64
21:33:11 ;0.12 ;0.62 ;0.00 ;0.00 ;39.00 ;0.85
21:33:12 ;0.13 ;0.50 ;0.00 ;0.00 ;36.00 ;0.56
21:33:13 ;0.13 ;0.38 ;0.00 ;0.00 ;54.00 ;0.76
21:33:14 ;0.13 ;0.38 ;0.00 ;0.00 ;38.00 ;0.66
21:33:15 ;0.25 ;0.38 ;0.00 ;0.00 ;43.00 ;0.60
21:33:16 ;0.13 ;0.50 ;0.00 ;0.00 ;75.00 ;1.09
21:33:17 ;0.25 ;0.38 ;0.00 ;0.00 ;56.00 ;0.84
21:33:18 ;0.13 ;0.63 ;0.00 ;0.00 ;35.00 ;0.69
21:33:19 ;0.00 ;0.50 ;0.00 ;0.00 ;31.00 ;0.77
21:33:20 ;0.37 ;0.50 ;0.00 ;0.00 ;42.00 ;1.38
21:33:21 ;0.00 ;0.38 ;0.00 ;0.00 ;21.00 ;0.76
21:33:22 ;0.25 ;0.37 ;0.00 ;0.00 ;46.00 ;0.85
21:33:23 ;0.25 ;0.38 ;0.00 ;0.00 ;45.00 ;0.73
21:33:24 ;0.00 ;0.38 ;0.00 ;0.00 ;33.00 ;0.64
21:33:25 ;0.12 ;0.50 ;0.00 ;0.00 ;25.00 ;0.60
21:33:26 ;0.00 ;0.50 ;0.00 ;0.00 ;14.00 ;0.57
21:33:27 ;0.13 ;0.50 ;0.00 ;0.00 ;36.00 ;0.58
21:33:28 ;0.25 ;0.63 ;0.00 ;0.00 ;52.00 ;0.69
21:33:29 ;0.13 ;0.25 ;0.00 ;0.00 ;31.00 ;0.61
21:33:30 ;0.12 ;0.50 ;0.00 ;0.00 ;30.00 ;0.77
21:33:31 ;0.12 ;0.50 ;0.00 ;0.00 ;43.00 ;0.95
21:33:32 ;0.13 ;0.50 ;0.00 ;0.00 ;58.00 ;0.59
21:33:33 ;0.13 ;0.38 ;0.00 ;0.00 ;57.00 ;1.09
21:33:34 ;0.13 ;0.25 ;0.00 ;0.00 ;54.00 ;0.57
21:33:35 ;0.25 ;0.62 ;0.00 ;0.00 ;61.00 ;0.56
21:33:36 ;0.13 ;0.38 ;0.00 ;0.00 ;44.00 ;0.70
21:33:37 ;0.13 ;0.25 ;0.00 ;0.00 ;68.00 ;0.78
21:33:38 ;0.38 ;0.51 ;0.00 ;0.00 ;423.00 ;2.09
21:33:39 ;0.13 ;0.38 ;0.00 ;0.00 ;33.00 ;0.79
21:33:40 ;0.13 ;0.63 ;0.00 ;0.00 ;37.00 ;0.73
21:33:41 ;0.25 ;0.75 ;0.00 ;0.00 ;57.00 ;0.82
21:33:42 ;0.25 ;0.75 ;0.00 ;0.00 ;58.00 ;0.66
21:33:43 ;0.00 ;0.75 ;0.00 ;0.00 ;35.00 ;0.71
21:33:44 ;0.12 ;0.50 ;0.00 ;0.00 ;25.00 ;0.72
21:33:45 ;0.12 ;0.50 ;0.00 ;0.00 ;40.00 ;0.68
21:33:46 ;0.13 ;0.38 ;0.00 ;0.00 ;60.00 ;1.20
21:33:47 ;0.38 ;0.38 ;0.00 ;0.00 ;71.00 ;0.76
21:33:48 ;0.13 ;0.63 ;0.00 ;0.00 ;50.00 ;0.80
21:33:49 ;0.13 ;0.75 ;0.00 ;0.00 ;25.00 ;0.52
21:33:50 ;0.12 ;0.88 ;0.00 ;0.00 ;25.00 ;0.64
21:33:51 ;0.00 ;0.50 ;0.00 ;0.00 ;29.00 ;0.66
21:33:52 ;0.13 ;0.63 ;0.00 ;0.00 ;44.00 ;0.68
21:33:53 ;0.13 ;0.50 ;0.00 ;0.00 ;36.00 ;1.00
21:33:54 ;0.25 ;0.50 ;0.00 ;0.00 ;52.00 ;0.75
21:33:55 ;0.13 ;0.50 ;0.00 ;0.00 ;40.00 ;0.72
21:33:56 ;0.13 ;0.63 ;0.00 ;0.00 ;40.00 ;0.70
21:33:57 ;0.13 ;0.63 ;0.00 ;0.00 ;33.00 ;0.79
21:33:58 ;0.13 ;0.75 ;0.00 ;0.00 ;44.00 ;0.86
21:33:59 ;0.13 ;0.75 ;0.00 ;0.00 ;24.00 ;0.67
21:34:00 ;0.12 ;0.62 ;0.00 ;0.00 ;21.00 ;0.76
21:34:01 ;0.12 ;0.62 ;0.00 ;0.00 ;48.00 ;1.12
21:34:02 ;0.25 ;0.87 ;0.00 ;0.00 ;61.00 ;0.72
21:34:03 ;0.13 ;0.50 ;0.00 ;0.00 ;35.00 ;0.94
21:34:04 ;0.13 ;0.50 ;0.00 ;0.00 ;26.00 ;0.62
21:34:05 ;0.13 ;0.50 ;0.00 ;0.00 ;50.00 ;0.62
21:34:06 ;0.25 ;0.38 ;0.00 ;0.00 ;46.00 ;0.87
21:34:07 ;0.25 ;0.63 ;0.00 ;0.00 ;60.00 ;0.93
21:34:08 ;0.12 ;0.62 ;0.00 ;0.00 ;61.00 ;0.72
21:34:09 ;0.25 ;0.50 ;0.00 ;0.00 ;414.00 ;1.82
21:34:10 ;0.12 ;0.75 ;0.00 ;0.00 ;21.00 ;0.62
21:34:11 ;0.00 ;0.75 ;0.00 ;0.00 ;50.00 ;0.60
21:34:12 ;0.25 ;0.88 ;0.00 ;0.00 ;58.00 ;0.69
21:34:13 ;0.12 ;0.75 ;0.00 ;0.00 ;54.00 ;0.57
21:34:14 ;0.13 ;0.50 ;0.00 ;0.00 ;29.00 ;0.48
21:34:15 ;0.13 ;0.63 ;0.00 ;0.00 ;26.00 ;0.58
21:34:16 ;0.00 ;0.63 ;0.00 ;0.00 ;25.00 ;0.56
21:34:17 ;0.13 ;0.63 ;0.00 ;0.00 ;86.00 ;1.07
21:34:18 ;0.25 ;0.88 ;0.00 ;0.00 ;48.00 ;0.96
21:34:19 ;0.00 ;0.63 ;0.00 ;0.00 ;30.00 ;0.67
21:34:20 ;0.12 ;0.88 ;0.00 ;0.00 ;36.00 ;0.69
21:34:21 ;0.25 ;0.63 ;0.00 ;0.00 ;48.00 ;0.79
21:34:22 ;0.25 ;1.00 ;0.00 ;0.00 ;47.00 ;0.74
21:34:23 ;0.25 ;0.88 ;0.00 ;0.00 ;52.00 ;0.81
21:34:24 ;0.12 ;0.88 ;0.00 ;0.00 ;29.00 ;0.72
21:34:25 ;0.12 ;0.87 ;0.00 ;0.00 ;54.00 ;0.81
21:34:26 ;0.25 ;0.88 ;0.00 ;0.00 ;76.00 ;0.80
21:34:27 ;0.38 ;1.13 ;0.00 ;0.00 ;66.00 ;1.06
21:34:28 ;0.37 ;1.00 ;0.00 ;0.00 ;48.00 ;1.12
21:34:29 ;0.13 ;0.88 ;0.00 ;0.00 ;39.00 ;0.67
21:34:30 ;0.12 ;1.25 ;0.00 ;0.00 ;45.00 ;0.78
21:34:31 ;0.12 ;1.00 ;0.00 ;0.00 ;33.00 ;0.64
21:34:32 ;0.37 ;1.12 ;0.00 ;0.00 ;71.00 ;1.04
21:34:33 ;0.12 ;0.88 ;0.00 ;0.00 ;46.00 ;0.78
21:34:34 ;0.12 ;0.50 ;0.00 ;0.00 ;37.00 ;0.65
21:34:35 ;0.12 ;1.00 ;0.00 ;0.00 ;39.00 ;1.10
21:34:36 ;0.12 ;0.88 ;0.00 ;0.00 ;50.00 ;0.62
21:34:37 ;0.13 ;0.50 ;0.00 ;0.00 ;29.00 ;0.62
21:34:38 ;0.25 ;0.63 ;0.00 ;0.00 ;47.00 ;1.04
21:34:39 ;0.00 ;0.38 ;0.00 ;0.00 ;15.00 ;0.80
21:34:40 ;0.12 ;0.62 ;0.00 ;0.00 ;24.00 ;0.79
21:34:41 ;0.37 ;0.87 ;0.00 ;0.00 ;384.00 ;2.71
21:34:42 ;0.12 ;0.62 ;0.00 ;0.00 ;62.00 ;0.97
21:34:43 ;0.25 ;0.63 ;0.00 ;0.00 ;58.00 ;0.84
21:34:44 ;0.00 ;0.50 ;0.00 ;0.00 ;17.00 ;0.59
21:34:45 ;0.12 ;0.38 ;0.00 ;0.00 ;21.00 ;0.76
21:34:46 ;0.13 ;0.50 ;0.00 ;0.00 ;36.00 ;0.81
21:34:47 ;0.25 ;0.62 ;0.00 ;0.00 ;103.00 ;1.15
21:34:48 ;0.25 ;0.75 ;0.00 ;0.00 ;52.00 ;0.88
21:34:49 ;0.25 ;0.87 ;0.00 ;0.00 ;37.00 ;1.03
21:34:50 ;0.13 ;0.88 ;0.00 ;0.00 ;55.00 ;0.84
21:34:51 ;0.25 ;1.00 ;0.00 ;0.00 ;49.00 ;0.78
21:34:52 ;0.25 ;0.75 ;0.00 ;0.00 ;57.00 ;0.82
21:34:53 ;0.25 ;0.63 ;0.00 ;0.00 ;80.00 ;0.78
21:34:54 ;0.38 ;0.75 ;0.00 ;0.00 ;54.00 ;0.85
21:34:55 ;0.12 ;0.62 ;0.00 ;0.00 ;41.00 ;0.63
21:34:56 ;0.25 ;0.50 ;0.00 ;0.00 ;51.00 ;0.88
21:34:57 ;0.38 ;0.50 ;0.00 ;0.00 ;56.00 ;1.05
21:34:58 ;0.12 ;0.75 ;0.00 ;0.00 ;45.00 ;0.73
21:34:59 ;0.25 ;0.63 ;0.00 ;0.00 ;51.00 ;0.84
21:35:00 ;0.25 ;0.75 ;0.00 ;0.00 ;50.00 ;0.94
21:35:01 ;0.00 ;1.00 ;0.00 ;0.00 ;22.00 ;0.64
21:35:02 ;0.25 ;1.00 ;0.00 ;0.00 ;47.00 ;1.02
21:35:03 ;0.12 ;0.62 ;0.00 ;0.00 ;63.00 ;1.00
21:35:04 ;0.25 ;0.62 ;0.00 ;0.00 ;43.00 ;0.84
21:35:05 ;0.13 ;0.50 ;0.00 ;0.00 ;30.00 ;1.13
21:35:06 ;0.12 ;0.50 ;0.00 ;0.00 ;25.00 ;0.84
21:35:07 ;0.12 ;0.62 ;0.00 ;0.00 ;35.00 ;0.86
21:35:08 ;0.25 ;0.63 ;0.00 ;0.00 ;60.00 ;1.10
21:35:09 ;0.13 ;0.63 ;0.00 ;0.00 ;53.00 ;0.92
21:35:10 ;0.25 ;0.62 ;0.00 ;0.00 ;30.00 ;0.87
21:35:11 ;0.13 ;0.88 ;0.00 ;0.00 ;28.00 ;0.89
21:35:12 ;0.25 ;0.88 ;0.00 ;0.00 ;368.00 ;1.49
21:35:13 ;0.25 ;0.63 ;0.00 ;0.00 ;117.00 ;0.97
21:35:14 ;0.25 ;0.51 ;0.00 ;0.00 ;65.00 ;0.86
21:35:15 ;0.00 ;0.63 ;0.00 ;0.00 ;38.00 ;0.87
21:35:16 ;0.25 ;0.88 ;0.00 ;0.00 ;56.00 ;0.75
21:35:17 ;0.38 ;0.75 ;0.00 ;0.00 ;117.00 ;1.00
21:35:18 ;0.25 ;0.50 ;0.00 ;0.00 ;62.00 ;1.11
21:35:19 ;0.25 ;0.63 ;0.00 ;0.00 ;31.00 ;1.29
21:35:20 ;0.38 ;0.75 ;0.00 ;0.00 ;77.00 ;1.06
21:35:21 ;0.13 ;0.38 ;0.00 ;0.00 ;22.00 ;0.68
21:35:22 ;0.13 ;0.63 ;0.00 ;0.00 ;52.00 ;0.87
21:35:23 ;0.38 ;0.75 ;0.00 ;0.00 ;77.00 ;0.87
21:35:24 ;0.37 ;0.87 ;0.00 ;0.00 ;73.00 ;1.07
21:35:25 ;0.00 ;1.00 ;0.00 ;0.00 ;34.00 ;0.68
21:35:26 ;0.50 ;0.87 ;0.00 ;0.00 ;74.00 ;1.23
21:35:27 ;0.13 ;0.88 ;0.00 ;0.00 ;62.00 ;0.69
21:35:28 ;0.25 ;0.87 ;0.00 ;0.00 ;35.00 ;0.89
21:35:29 ;0.13 ;0.50 ;0.00 ;0.00 ;57.00 ;0.77
21:35:30 ;0.13 ;0.63 ;0.00 ;0.00 ;39.00 ;0.74
21:35:31 ;0.12 ;0.87 ;0.00 ;0.00 ;55.00 ;0.64
21:35:32 ;0.25 ;0.62 ;0.00 ;0.00 ;40.00 ;0.68
21:35:33 ;0.13 ;0.50 ;0.00 ;0.00 ;55.00 ;0.75
21:35:34 ;0.25 ;0.62 ;0.00 ;0.00 ;46.00 ;2.33
21:35:35 ;0.00 ;0.63 ;0.00 ;0.00 ;25.00 ;0.88
21:35:36 ;0.12 ;0.75 ;0.00 ;0.00 ;27.00 ;0.59
21:35:37 ;0.38 ;0.75 ;0.00 ;0.00 ;330.00 ;3.91
21:35:38 ;0.12 ;1.00 ;0.00 ;0.00 ;47.00 ;0.66
21:35:39 ;0.25 ;0.75 ;0.00 ;0.00 ;57.00 ;0.75
21:35:40 ;0.12 ;0.75 ;0.00 ;0.00 ;35.00 ;1.00
21:35:41 ;0.13 ;0.75 ;0.00 ;0.00 ;38.00 ;0.87
21:35:42 ;0.25 ;0.63 ;0.00 ;0.00 ;40.00 ;0.75
21:35:43 ;0.25 ;0.62 ;0.00 ;0.00 ;66.00 ;1.00
21:35:44 ;0.25 ;0.38 ;0.00 ;0.00 ;64.00 ;0.80
21:35:45 ;0.25 ;0.50 ;0.00 ;0.00 ;55.00 ;0.96
21:35:46 ;0.13 ;0.38 ;0.00 ;0.00 ;47.00 ;0.83
21:35:47 ;0.25 ;0.50 ;0.00 ;0.00 ;89.00 ;1.28
21:35:48 ;0.25 ;0.75 ;0.00 ;0.00 ;59.00 ;0.81
21:35:49 ;0.25 ;0.75 ;0.00 ;0.00 ;56.00 ;0.86
21:35:50 ;0.25 ;0.63 ;0.00 ;0.00 ;53.00 ;0.81
21:35:51 ;0.25 ;0.87 ;0.00 ;0.00 ;52.00 ;0.94
21:35:52 ;0.25 ;0.62 ;0.00 ;0.00 ;31.00 ;1.00
21:35:53 ;0.25 ;0.50 ;0.00 ;0.00 ;51.00 ;1.04
21:35:54 ;0.25 ;0.63 ;0.00 ;0.00 ;62.00 ;0.84
21:35:55 ;0.13 ;0.63 ;0.00 ;0.00 ;32.00 ;0.97
21:35:56 ;0.25 ;0.50 ;0.00 ;0.00 ;56.00 ;0.79
21:35:57 ;0.12 ;0.38 ;0.00 ;0.00 ;30.00 ;1.00
21:35:58 ;0.25 ;0.62 ;0.00 ;0.00 ;39.00 ;0.90
21:35:59 ;0.13 ;0.50 ;0.00 ;0.00 ;41.00 ;0.66
21:36:00 ;0.13 ;0.88 ;0.00 ;0.00 ;43.00 ;0.81
21:36:01 ;0.37 ;0.87 ;0.00 ;0.00 ;48.00 ;1.35
21:36:02 ;0.25 ;1.37 ;0.00 ;0.00 ;50.00 ;0.86
21:36:03 ;0.12 ;0.88 ;0.00 ;0.00 ;35.00 ;0.97
21:36:04 ;0.38 ;0.63 ;0.00 ;0.00 ;70.00 ;0.84
21:36:05 ;0.25 ;0.63 ;0.00 ;0.00 ;51.00 ;1.61
21:36:06 ;0.12 ;0.62 ;0.00 ;0.00 ;27.00 ;0.63
21:36:07 ;0.12 ;0.62 ;0.00 ;0.00 ;28.00 ;0.93
21:36:08 ;0.37 ;0.62 ;0.00 ;0.00 ;67.00 ;0.70
21:36:09 ;0.13 ;0.38 ;0.00 ;0.00 ;39.00 ;1.03
21:36:10 ;0.13 ;0.63 ;0.00 ;0.00 ;29.00 ;1.21
21:36:11 ;0.12 ;0.75 ;0.00 ;0.00 ;41.00 ;0.61
21:36:12 ;0.37 ;0.75 ;0.00 ;0.00 ;81.00 ;0.85
21:36:13 ;0.25 ;0.63 ;0.00 ;0.00 ;56.00 ;1.11
21:36:14 ;0.50 ;0.63 ;0.00 ;0.00 ;431.00 ;3.43
21:36:15 ;0.25 ;0.75 ;0.00 ;0.00 ;39.00 ;0.85
21:36:16 ;0.13 ;0.63 ;0.00 ;0.00 ;54.00 ;0.78
21:36:17 ;0.12 ;0.75 ;0.00 ;0.00 ;71.00 ;1.13
21:36:18 ;0.25 ;0.63 ;0.00 ;0.00 ;60.00 ;0.87
21:36:19 ;0.13 ;0.63 ;0.00 ;0.00 ;21.00 ;0.71
21:36:20 ;0.12 ;0.50 ;0.00 ;0.00 ;24.00 ;1.00
21:36:21 ;0.25 ;0.50 ;0.00 ;0.00 ;28.00 ;1.07
21:36:22 ;0.25 ;0.50 ;0.00 ;0.00 ;61.00 ;0.90
21:36:23 ;0.12 ;0.50 ;0.00 ;0.00 ;45.00 ;0.76
21:36:24 ;0.12 ;0.50 ;0.00 ;0.00 ;23.00 ;0.57
21:36:25 ;0.12 ;0.75 ;0.00 ;0.00 ;42.00 ;0.52
21:36:26 ;0.12 ;0.75 ;0.00 ;0.00 ;39.00 ;0.79
21:36:27 ;0.13 ;0.75 ;0.00 ;0.00 ;35.00 ;0.71
21:36:28 ;0.25 ;0.75 ;0.00 ;0.00 ;44.00 ;1.11
21:36:29 ;0.12 ;0.50 ;0.00 ;0.00 ;35.00 ;0.69
21:36:30 ;0.12 ;0.62 ;0.00 ;0.00 ;33.00 ;0.79
21:36:31 ;0.12 ;0.75 ;0.00 ;0.00 ;40.00 ;0.62
21:36:32 ;0.25 ;0.63 ;0.00 ;0.00 ;39.00 ;0.97
21:36:33 ;0.13 ;0.38 ;0.00 ;0.00 ;41.00 ;0.76
21:36:34 ;0.25 ;0.50 ;0.00 ;0.00 ;38.00 ;0.95
21:36:35 ;0.25 ;0.62 ;0.00 ;0.00 ;50.00 ;1.24
21:36:36 ;0.38 ;0.50 ;0.00 ;0.00 ;259.00 ;1.39
21:36:37 ;0.25 ;0.75 ;0.00 ;0.00 ;31.00 ;0.65
21:36:38 ;0.25 ;0.87 ;0.00 ;0.00 ;69.00 ;0.75
21:36:39 ;0.13 ;0.75 ;0.00 ;0.00 ;47.00 ;0.62
21:36:40 ;0.00 ;0.63 ;0.00 ;0.00 ;35.00 ;0.49
21:36:41 ;0.25 ;0.88 ;0.00 ;0.00 ;61.00 ;0.69
21:36:42 ;0.13 ;0.63 ;0.00 ;0.00 ;39.00 ;0.67
21:36:43 ;0.25 ;0.75 ;0.00 ;0.00 ;40.00 ;0.68
21:36:44 ;0.13 ;0.50 ;0.00 ;0.00 ;56.00 ;0.70
21:36:45 ;0.12 ;0.88 ;0.00 ;0.00 ;40.00 ;0.70
21:36:46 ;0.25 ;0.87 ;0.00 ;0.00 ;367.00 ;2.50
21:36:47 ;0.12 ;0.75 ;0.00 ;0.00 ;57.00 ;0.61
21:36:48 ;0.12 ;0.87 ;0.00 ;0.00 ;62.00 ;1.05
21:36:49 ;0.00 ;0.63 ;0.00 ;0.00 ;22.00 ;0.59
21:36:50 ;0.12 ;0.87 ;0.00 ;0.00 ;27.00 ;0.67
21:36:51 ;0.13 ;0.63 ;0.00 ;0.00 ;41.00 ;0.78
21:36:52 ;0.12 ;0.62 ;0.00 ;0.00 ;50.00 ;0.58
21:36:53 ;0.13 ;0.50 ;0.00 ;0.00 ;43.00 ;0.63
21:36:54 ;0.12 ;0.62 ;0.00 ;0.00 ;23.00 ;0.70
21:36:55 ;0.13 ;0.63 ;0.00 ;0.00 ;33.00 ;0.67
21:36:56 ;0.12 ;0.75 ;0.00 ;0.00 ;27.72 ;0.71
21:36:57 ;0.25 ;0.75 ;0.00 ;0.00 ;51.00 ;1.02
21:36:58 ;0.12 ;0.75 ;0.00 ;0.00 ;52.00 ;1.42
21:36:59 ;0.12 ;0.87 ;0.00 ;0.00 ;39.00 ;0.72
21:37:00 ;0.12 ;1.00 ;0.00 ;0.00 ;21.00 ;0.86
21:37:01 ;0.12 ;1.00 ;0.00 ;0.00 ;46.00 ;0.70
21:37:02 ;0.25 ;0.88 ;0.00 ;0.00 ;44.00 ;0.80
21:37:03 ;0.13 ;0.75 ;0.00 ;0.00 ;57.00 ;0.68
21:37:04 ;0.13 ;0.75 ;0.00 ;0.00 ;47.00 ;0.66
21:37:05 ;0.12 ;0.62 ;0.00 ;0.00 ;51.00 ;0.57
21:37:06 ;0.13 ;0.63 ;0.00 ;0.00 ;36.00 ;0.50
21:37:07 ;0.25 ;0.87 ;0.00 ;0.00 ;60.00 ;0.82
21:37:08 ;0.13 ;0.88 ;0.00 ;0.00 ;52.00 ;0.67
21:37:09 ;0.13 ;0.38 ;0.00 ;0.00 ;37.00 ;0.70
21:37:10 ;0.12 ;0.62 ;0.00 ;0.00 ;41.00 ;0.56
21:37:11 ;0.12 ;0.75 ;0.00 ;0.00 ;48.00 ;0.65
21:37:12 ;0.25 ;0.75 ;0.00 ;0.00 ;61.00 ;0.87
21:37:13 ;0.25 ;0.75 ;0.00 ;0.00 ;59.00 ;0.75
21:37:14 ;0.13 ;0.63 ;0.00 ;0.00 ;23.00 ;1.17
21:37:15 ;0.12 ;0.62 ;0.00 ;0.00 ;54.00 ;0.63
21:37:16 ;0.12 ;1.00 ;0.00 ;0.00 ;26.00 ;0.54
21:37:17 ;0.25 ;1.12 ;0.00 ;0.00 ;408.00 ;2.36
21:37:18 ;0.25 ;1.24 ;0.00 ;0.00 ;82.00 ;1.10
21:37:19 ;0.12 ;0.87 ;0.00 ;0.00 ;53.00 ;0.94
21:37:20 ;0.12 ;0.99 ;0.00 ;0.00 ;35.00 ;0.71
21:37:21 ;0.12 ;0.62 ;0.00 ;0.00 ;24.00 ;0.79
21:37:22 ;0.12 ;1.00 ;0.00 ;0.00 ;37.00 ;0.97
21:37:23 ;0.25 ;0.87 ;0.00 ;0.00 ;64.00 ;0.78
21:37:24 ;0.12 ;0.88 ;0.00 ;0.00 ;27.00 ;0.81
21:37:25 ;0.12 ;1.00 ;0.00 ;0.00 ;51.00 ;0.71
21:37:26 ;0.12 ;1.00 ;0.00 ;0.00 ;55.00 ;0.76
21:37:27 ;0.25 ;1.24 ;0.00 ;0.00 ;37.00 ;0.97
21:37:28 ;0.12 ;0.87 ;0.00 ;0.00 ;24.00 ;0.62
21:37:29 ;0.12 ;0.75 ;0.00 ;0.00 ;48.00 ;0.90
21:37:30 ;0.12 ;1.12 ;0.00 ;0.00 ;46.00 ;0.67
21:37:31 ;0.12 ;0.88 ;0.00 ;0.00 ;28.00 ;0.68
21:37:32 ;0.25 ;1.00 ;0.00 ;0.00 ;305.00 ;1.90
21:37:33 ;0.25 ;0.63 ;0.00 ;0.00 ;74.00 ;0.91
21:37:34 ;0.12 ;0.62 ;0.00 ;0.00 ;16.00 ;0.50
21:37:35 ;0.13 ;0.38 ;0.00 ;0.00 ;55.00 ;0.80
21:37:36 ;0.37 ;0.75 ;0.00 ;0.00 ;65.00 ;1.00
21:37:37 ;0.13 ;0.75 ;0.00 ;0.00 ;36.00 ;1.17
21:37:38 ;0.25 ;0.88 ;0.00 ;0.00 ;58.00 ;0.88
21:37:39 ;0.13 ;0.63 ;0.00 ;0.00 ;38.00 ;0.71
21:37:40 ;0.12 ;0.88 ;0.00 ;0.00 ;40.00 ;0.90
21:37:41 ;0.13 ;0.63 ;0.00 ;0.00 ;25.00 ;0.76
21:37:42 ;0.25 ;0.62 ;0.00 ;0.00 ;51.00 ;0.96
21:37:43 ;0.13 ;0.50 ;0.00 ;0.00 ;50.00 ;0.66
21:37:44 ;0.13 ;0.50 ;0.00 ;0.00 ;33.00 ;0.64
21:37:45 ;0.25 ;0.38 ;0.00 ;0.00 ;45.00 ;0.84
21:37:46 ;0.12 ;0.50 ;0.00 ;0.00 ;44.00 ;0.77
21:37:47 ;0.13 ;0.50 ;0.00 ;0.00 ;51.00 ;0.65
21:37:48 ;0.25 ;0.62 ;0.00 ;0.00 ;74.00 ;0.86
21:37:49 ;0.00 ;0.62 ;0.00 ;0.00 ;28.00 ;0.93
21:37:50 ;0.25 ;0.87 ;0.00 ;0.00 ;41.00 ;0.68
21:37:51 ;0.00 ;0.75 ;0.00 ;0.00 ;12.00 ;0.50
21:37:52 ;0.13 ;0.50 ;0.00 ;0.00 ;45.00 ;0.71
21:37:53 ;0.25 ;0.50 ;0.00 ;0.00 ;80.00 ;0.74
21:37:54 ;0.12 ;0.50 ;0.00 ;0.00 ;25.00 ;0.52
21:37:55 ;0.50 ;0.62 ;0.00 ;0.00 ;51.00 ;2.14
21:37:56 ;0.88 ;0.38 ;0.00 ;0.00 ;50.00 ;2.38
21:37:57 ;0.38 ;0.50 ;0.00 ;0.00 ;65.00 ;1.14
21:37:58 ;0.12 ;0.50 ;0.00 ;0.00 ;39.00 ;0.85
21:37:59 ;0.25 ;0.38 ;0.00 ;0.00 ;52.00 ;0.56
21:38:00 ;0.13 ;0.88 ;0.00 ;0.00 ;45.00 ;0.80
21:38:01 ;0.12 ;0.75 ;0.00 ;0.00 ;42.00 ;0.57
21:38:02 ;0.25 ;0.88 ;0.00 ;0.00 ;64.00 ;0.67
21:38:03 ;0.12 ;0.62 ;0.00 ;0.00 ;32.00 ;0.62
21:38:04 ;0.25 ;0.62 ;0.00 ;0.00 ;377.00 ;2.19
21:38:05 ;0.12 ;0.62 ;0.00 ;0.00 ;32.00 ;0.91
21:38:06 ;0.25 ;0.50 ;0.00 ;0.00 ;40.00 ;0.97
21:38:07 ;0.25 ;0.38 ;0.00 ;0.00 ;56.00 ;0.80
21:38:08 ;0.13 ;0.63 ;0.00 ;0.00 ;27.00 ;0.78
21:38:09 ;0.00 ;0.25 ;0.00 ;0.00 ;0.00 ;0.00
21:38:10 ;0.12 ;0.50 ;0.00 ;0.00 ;30.00 ;0.67
21:38:11 ;0.12 ;0.87 ;0.00 ;0.00 ;34.00 ;0.65
21:38:12 ;0.13 ;0.63 ;0.00 ;0.00 ;51.00 ;0.65
21:38:13 ;0.13 ;0.63 ;0.00 ;0.00 ;42.00 ;0.90
21:38:14 ;0.13 ;0.50 ;0.00 ;0.00 ;36.00 ;0.81
21:38:15 ;0.25 ;0.62 ;0.00 ;0.00 ;40.00 ;0.88
21:38:16 ;0.12 ;0.62 ;0.00 ;0.00 ;41.00 ;0.61
21:38:17 ;0.13 ;0.50 ;0.00 ;0.00 ;49.00 ;0.94
21:38:18 ;0.25 ;0.62 ;0.00 ;0.00 ;68.00 ;1.00
21:38:19 ;0.13 ;0.50 ;0.00 ;0.00 ;49.00 ;0.55
21:38:20 ;0.25 ;0.50 ;0.00 ;0.00 ;269.00 ;2.17
21:38:21 ;0.13 ;0.50 ;0.00 ;0.00 ;29.00 ;1.07
21:38:22 ;0.13 ;0.50 ;0.00 ;0.00 ;43.00 ;0.77
21:38:23 ;0.25 ;0.50 ;0.00 ;0.00 ;73.00 ;0.64
21:38:24 ;0.25 ;0.50 ;0.00 ;0.00 ;45.00 ;0.84
21:38:25 ;0.25 ;0.63 ;0.00 ;0.00 ;47.00 ;0.77
21:38:26 ;0.00 ;0.75 ;0.00 ;0.00 ;35.00 ;0.66
21:38:27 ;0.25 ;0.75 ;0.00 ;0.00 ;52.00 ;0.62
21:38:28 ;0.13 ;0.63 ;0.00 ;0.00 ;45.00 ;0.60
21:38:29 ;0.13 ;0.50 ;0.00 ;0.00 ;27.00 ;0.63
21:38:30 ;0.13 ;0.50 ;0.00 ;0.00 ;37.00 ;0.81
21:38:31 ;0.12 ;0.50 ;0.00 ;0.00 ;206.00 ;2.16
21:38:32 ;0.12 ;0.75 ;0.00 ;0.00 ;42.00 ;0.79
21:38:33 ;0.25 ;0.63 ;0.00 ;0.00 ;71.00 ;0.68
21:38:34 ;0.00 ;0.63 ;0.00 ;0.00 ;24.00 ;0.62
21:38:35 ;0.13 ;0.75 ;0.00 ;0.00 ;36.00 ;1.53
21:38:36 ;0.25 ;0.50 ;0.00 ;0.00 ;48.00 ;0.67
21:38:37 ;0.25 ;0.50 ;0.00 ;0.00 ;53.00 ;1.00
21:38:38 ;0.25 ;0.75 ;0.00 ;0.00 ;50.00 ;0.80
21:38:39 ;0.12 ;0.50 ;0.00 ;0.00 ;37.00 ;0.65
21:38:40 ;0.13 ;0.50 ;0.00 ;0.00 ;35.00 ;0.69
21:38:41 ;0.12 ;0.62 ;0.00 ;0.00 ;40.00 ;0.88
21:38:42 ;0.25 ;0.62 ;0.00 ;0.00 ;255.00 ;1.80
21:38:43 ;0.13 ;0.50 ;0.00 ;0.00 ;49.00 ;0.73
21:38:44 ;0.25 ;0.62 ;0.00 ;0.00 ;38.00 ;0.87
21:38:45 ;0.13 ;0.50 ;0.00 ;0.00 ;38.00 ;0.71
21:38:46 ;0.12 ;0.50 ;0.00 ;0.00 ;28.00 ;0.86
21:38:47 ;0.25 ;0.50 ;0.00 ;0.00 ;63.00 ;0.75
21:38:48 ;0.25 ;0.50 ;0.00 ;0.00 ;46.00 ;0.70
21:38:49 ;0.00 ;0.25 ;0.00 ;0.00 ;48.00 ;0.98
21:38:50 ;0.12 ;0.50 ;0.00 ;0.00 ;19.00 ;0.79
21:38:51 ;0.25 ;0.38 ;0.00 ;0.00 ;54.00 ;0.70
21:38:52 ;0.13 ;0.50 ;0.00 ;0.00 ;47.00 ;0.87
21:38:53 ;0.38 ;0.50 ;0.00 ;0.00 ;247.00 ;2.00
21:38:54 ;0.25 ;0.50 ;0.00 ;0.00 ;54.00 ;0.96
21:38:55 ;0.12 ;0.37 ;0.00 ;0.00 ;39.00 ;0.56
21:38:56 ;0.13 ;0.38 ;0.00 ;0.00 ;35.00 ;0.77
21:38:57 ;0.25 ;0.25 ;0.00 ;0.00 ;85.00 ;0.72
21:38:58 ;0.13 ;0.38 ;0.00 ;0.00 ;68.00 ;0.82
21:38:59 ;0.13 ;0.50 ;0.00 ;0.00 ;171.00 ;1.64
21:39:00 ;0.12 ;0.88 ;0.00 ;0.00 ;16.00 ;0.88
21:39:01 ;0.12 ;1.12 ;0.00 ;0.00 ;55.00 ;0.65
21:39:02 ;0.25 ;1.00 ;0.00 ;0.00 ;48.00 ;0.77
21:39:03 ;0.25 ;0.99 ;0.00 ;0.00 ;51.00 ;0.92
21:39:04 ;0.13 ;0.75 ;0.00 ;0.00 ;28.00 ;0.82
21:39:05 ;0.12 ;0.75 ;0.00 ;0.00 ;170.00 ;1.51
21:39:06 ;0.13 ;0.50 ;0.00 ;0.00 ;50.00 ;0.64
21:39:07 ;0.25 ;0.63 ;0.00 ;0.00 ;52.00 ;0.73
21:39:08 ;0.25 ;0.88 ;0.00 ;0.00 ;62.00 ;1.11
21:39:09 ;0.12 ;0.75 ;0.00 ;0.00 ;12.00 ;0.58
21:39:10 ;0.12 ;0.75 ;0.00 ;0.00 ;64.00 ;1.03
21:39:11 ;0.25 ;0.88 ;0.00 ;0.00 ;176.00 ;1.40
21:39:12 ;0.12 ;0.62 ;0.00 ;0.00 ;33.00 ;0.82
21:39:13 ;0.50 ;0.50 ;0.00 ;0.00 ;69.00 ;0.96
21:39:14 ;0.12 ;0.50 ;0.00 ;0.00 ;55.00 ;0.67
21:39:15 ;0.13 ;0.50 ;0.00 ;0.00 ;33.00 ;1.24
21:39:16 ;0.25 ;0.62 ;0.00 ;0.00 ;41.00 ;0.88
21:39:17 ;0.13 ;0.76 ;0.00 ;0.00 ;179.00 ;1.90
21:39:18 ;0.25 ;0.75 ;0.00 ;0.00 ;66.00 ;0.68
21:39:19 ;0.13 ;0.63 ;0.00 ;0.00 ;50.00 ;0.98
21:39:20 ;0.25 ;0.75 ;0.00 ;0.00 ;42.00 ;0.86
21:39:21 ;0.13 ;0.38 ;0.00 ;0.00 ;27.00 ;0.85
21:39:22 ;0.37 ;0.75 ;0.00 ;0.00 ;45.00 ;2.60
21:39:23 ;0.25 ;0.63 ;0.00 ;0.00 ;198.00 ;1.27
21:39:24 ;0.25 ;0.87 ;0.00 ;0.00 ;51.00 ;0.82
21:39:25 ;0.25 ;0.75 ;0.00 ;0.00 ;39.00 ;0.72
21:39:26 ;0.00 ;0.63 ;0.00 ;0.00 ;16.00 ;0.81
21:39:27 ;0.38 ;0.75 ;0.00 ;0.00 ;68.00 ;0.99
21:39:28 ;0.12 ;0.75 ;0.00 ;0.00 ;55.00 ;0.71
21:39:29 ;0.25 ;0.50 ;0.00 ;0.00 ;143.00 ;2.03
21:39:30 ;0.12 ;0.62 ;0.00 ;0.00 ;38.00 ;0.68
21:39:31 ;0.00 ;0.62 ;0.00 ;0.00 ;20.00 ;0.80
21:39:32 ;0.25 ;0.62 ;0.00 ;0.00 ;45.00 ;0.84
21:39:33 ;0.12 ;0.50 ;0.00 ;0.00 ;52.00 ;0.67
21:39:34 ;0.13 ;0.50 ;0.00 ;0.00 ;37.00 ;0.73
21:39:35 ;0.25 ;0.62 ;0.00 ;0.00 ;195.00 ;1.50
21:39:36 ;0.13 ;0.50 ;0.00 ;0.00 ;49.00 ;1.22
21:39:37 ;0.25 ;0.75 ;0.00 ;0.00 ;52.00 ;0.81
21:39:38 ;0.12 ;1.00 ;0.00 ;0.00 ;28.00 ;0.75
21:39:39 ;0.12 ;0.87 ;0.00 ;0.00 ;32.00 ;0.94
21:39:40 ;0.12 ;0.75 ;0.00 ;0.00 ;54.00 ;0.50
21:39:41 ;0.13 ;0.75 ;0.00 ;0.00 ;29.00 ;0.79
21:39:42 ;0.13 ;0.75 ;0.00 ;0.00 ;44.00 ;0.98
21:39:43 ;0.38 ;0.75 ;0.00 ;0.00 ;77.00 ;0.66
21:39:44 ;0.12 ;0.75 ;0.00 ;0.00 ;61.00 ;0.62
21:39:45 ;0.25 ;0.87 ;0.00 ;0.00 ;54.00 ;0.93
21:39:46 ;0.13 ;0.63 ;0.00 ;0.00 ;232.00 ;2.33
21:39:47 ;0.25 ;0.63 ;0.00 ;0.00 ;65.00 ;1.02
21:39:48 ;0.13 ;0.63 ;0.00 ;0.00 ;58.00 ;0.79
21:39:49 ;0.13 ;0.38 ;0.00 ;0.00 ;73.00 ;1.11
21:39:50 ;0.25 ;0.38 ;0.00 ;0.00 ;40.00 ;0.90
21:39:51 ;0.00 ;0.50 ;0.00 ;0.00 ;19.00 ;0.84
21:39:52 ;0.12 ;0.62 ;0.00 ;0.00 ;17.00 ;0.59
21:39:53 ;0.13 ;0.50 ;0.00 ;0.00 ;37.00 ;0.68
21:39:54 ;0.13 ;0.63 ;0.00 ;0.00 ;52.00 ;0.60
21:39:55 ;0.13 ;0.50 ;0.00 ;0.00 ;41.00 ;0.63
21:39:56 ;0.12 ;0.50 ;0.00 ;0.00 ;29.00 ;0.72
21:39:57 ;0.38 ;1.00 ;0.00 ;0.00 ;281.00 ;1.63
21:39:58 ;0.25 ;1.00 ;0.00 ;0.00 ;81.00 ;1.05
21:39:59 ;0.25 ;0.88 ;0.00 ;0.00 ;81.00 ;0.64
21:40:00 ;0.12 ;1.25 ;0.00 ;0.00 ;43.00 ;0.77
21:40:01 ;0.25 ;0.88 ;0.00 ;0.00 ;39.00 ;1.00
21:40:02 ;0.12 ;1.12 ;0.00 ;0.00 ;47.00 ;0.62
21:40:03 ;0.25 ;0.62 ;0.00 ;0.00 ;87.00 ;0.78
21:40:04 ;0.12 ;0.75 ;0.00 ;0.00 ;32.00 ;0.69
21:40:05 ;0.12 ;0.88 ;0.00 ;0.00 ;36.00 ;0.97
21:40:06 ;0.25 ;0.62 ;0.00 ;0.00 ;53.00 ;0.66
21:40:07 ;0.00 ;0.75 ;0.00 ;0.00 ;49.00 ;1.14
21:40:08 ;0.37 ;1.37 ;0.00 ;0.00 ;264.00 ;1.70
21:40:09 ;0.25 ;1.50 ;0.00 ;0.00 ;59.00 ;1.27
21:40:10 ;0.38 ;0.75 ;0.00 ;0.00 ;36.00 ;2.00
21:40:11 ;0.13 ;1.63 ;0.00 ;0.00 ;36.00 ;1.03
21:40:12 ;0.38 ;1.38 ;0.00 ;0.00 ;69.00 ;0.97
21:40:13 ;0.25 ;0.75 ;0.00 ;0.00 ;57.00 ;0.70
21:40:14 ;0.13 ;0.50 ;0.00 ;0.00 ;37.00 ;1.03
21:40:15 ;0.25 ;0.50 ;0.00 ;0.00 ;44.00 ;0.84
21:40:16 ;0.13 ;0.50 ;0.00 ;0.00 ;44.00 ;0.84
21:40:17 ;0.25 ;0.62 ;0.00 ;0.00 ;48.00 ;0.71
21:40:18 ;0.13 ;0.75 ;0.00 ;0.00 ;67.00 ;0.87
21:40:19 ;0.25 ;0.50 ;0.00 ;0.00 ;74.00 ;1.07
21:40:20 ;0.13 ;0.63 ;0.00 ;0.00 ;48.00 ;0.75
21:40:21 ;0.13 ;0.38 ;0.00 ;0.00 ;46.00 ;0.76
21:40:22 ;0.25 ;0.63 ;0.00 ;0.00 ;37.00 ;0.78
21:40:23 ;0.12 ;0.75 ;0.00 ;0.00 ;54.00 ;0.78
21:40:24 ;0.13 ;0.75 ;0.00 ;0.00 ;38.00 ;0.84
21:40:25 ;0.13 ;0.88 ;0.00 ;0.00 ;42.00 ;0.90
21:40:26 ;0.25 ;0.99 ;0.00 ;0.00 ;43.00 ;0.91
21:40:27 ;0.25 ;0.75 ;0.00 ;0.00 ;66.00 ;0.67
21:40:28 ;0.13 ;0.75 ;0.00 ;0.00 ;46.00 ;0.93
21:40:29 ;0.25 ;0.50 ;0.00 ;0.00 ;55.00 ;0.84
21:40:30 ;0.12 ;0.62 ;0.00 ;0.00 ;36.00 ;0.75
21:40:31 ;0.12 ;0.62 ;0.00 ;0.00 ;35.00 ;0.66
21:40:32 ;0.25 ;0.75 ;0.00 ;0.00 ;51.00 ;0.73
21:40:33 ;0.00 ;0.75 ;0.00 ;0.00 ;42.00 ;0.55
21:40:34 ;0.25 ;0.75 ;0.00 ;0.00 ;47.00 ;1.02
21:40:35 ;0.25 ;0.62 ;0.00 ;0.00 ;46.00 ;0.74
21:40:36 ;0.25 ;0.62 ;0.00 ;0.00 ;47.00 ;0.87
21:40:37 ;0.25 ;0.63 ;0.00 ;0.00 ;378.00 ;3.63
21:40:38 ;0.12 ;0.62 ;0.00 ;0.00 ;53.00 ;1.13
21:40:39 ;0.38 ;0.50 ;0.00 ;0.00 ;62.00 ;0.87
21:40:40 ;0.00 ;0.62 ;0.00 ;0.00 ;120.00 ;1.60
21:40:41 ;0.12 ;0.87 ;0.00 ;0.00 ;17.00 ;0.65
21:40:42 ;0.25 ;0.62 ;0.00 ;0.00 ;49.00 ;0.80
21:40:43 ;0.13 ;0.63 ;0.00 ;0.00 ;43.00 ;1.05
21:40:44 ;0.00 ;0.50 ;0.00 ;0.00 ;14.00 ;0.50
21:40:45 ;0.13 ;0.50 ;0.00 ;0.00 ;26.00 ;0.58
21:40:46 ;0.12 ;0.50 ;0.00 ;0.00 ;39.00 ;0.49
21:40:47 ;0.13 ;0.50 ;0.00 ;0.00 ;50.00 ;0.66
21:40:48 ;0.13 ;0.63 ;0.00 ;0.00 ;61.00 ;0.72
21:40:49 ;0.12 ;0.87 ;0.00 ;0.00 ;61.00 ;1.21
21:40:50 ;0.25 ;0.75 ;0.00 ;0.00 ;47.00 ;0.68
21:40:51 ;0.12 ;1.00 ;0.00 ;0.00 ;38.00 ;0.82
21:40:52 ;0.12 ;1.00 ;0.00 ;0.00 ;36.00 ;0.67
21:40:53 ;0.25 ;0.75 ;0.00 ;0.00 ;61.00 ;1.11
21:40:54 ;0.12 ;0.62 ;0.00 ;0.00 ;33.00 ;0.58
21:40:55 ;0.25 ;0.75 ;0.00 ;0.00 ;296.00 ;1.79
21:40:56 ;0.12 ;0.38 ;0.00 ;0.00 ;49.00 ;0.76
21:40:57 ;0.13 ;0.38 ;0.00 ;0.00 ;51.00 ;0.78
21:40:58 ;0.25 ;0.50 ;0.00 ;0.00 ;60.00 ;0.70
21:40:59 ;0.25 ;0.62 ;0.00 ;0.00 ;45.00 ;0.78
21:41:00 ;0.12 ;0.75 ;0.00 ;0.00 ;44.00 ;0.84
21:41:01 ;0.12 ;0.87 ;0.00 ;0.00 ;25.00 ;0.68
21:41:02 ;0.25 ;1.00 ;0.00 ;0.00 ;47.00 ;0.87
21:41:03 ;0.00 ;0.63 ;0.00 ;0.00 ;33.00 ;0.58
21:41:04 ;0.25 ;0.50 ;0.00 ;0.00 ;33.00 ;1.06
21:41:05 ;0.13 ;0.50 ;0.00 ;0.00 ;47.00 ;0.77
21:41:06 ;0.25 ;0.50 ;0.00 ;0.00 ;42.00 ;0.83
21:41:07 ;0.13 ;0.50 ;0.00 ;0.00 ;34.00 ;0.62
21:41:08 ;0.12 ;0.62 ;0.00 ;0.00 ;37.00 ;0.84
21:41:09 ;0.13 ;0.50 ;0.00 ;0.00 ;36.00 ;0.75
21:41:10 ;0.12 ;0.75 ;0.00 ;0.00 ;45.00 ;0.62
21:41:11 ;0.12 ;0.62 ;0.00 ;0.00 ;26.00 ;0.77
21:41:12 ;0.13 ;0.63 ;0.00 ;0.00 ;56.00 ;0.57
21:41:13 ;0.13 ;0.50 ;0.00 ;0.00 ;25.00 ;0.68
21:41:14 ;0.00 ;0.50 ;0.00 ;0.00 ;23.00 ;0.48
21:41:15 ;0.12 ;0.50 ;0.00 ;0.00 ;23.00 ;0.74
21:41:16 ;0.25 ;0.62 ;0.00 ;0.00 ;48.00 ;0.85
21:41:17 ;0.13 ;0.50 ;0.00 ;0.00 ;44.00 ;0.70
21:41:18 ;0.13 ;0.50 ;0.00 ;0.00 ;41.00 ;0.71
21:41:19 ;0.13 ;0.38 ;0.00 ;0.00 ;50.00 ;0.84
21:41:20 ;0.25 ;0.50 ;0.00 ;0.00 ;84.00 ;0.82
21:41:21 ;0.00 ;0.25 ;0.00 ;0.00 ;30.00 ;0.50
21:41:22 ;0.25 ;0.50 ;0.00 ;0.00 ;43.00 ;0.79
21:41:23 ;0.13 ;0.50 ;0.00 ;0.00 ;34.00 ;0.74
21:41:24 ;0.13 ;0.63 ;0.00 ;0.00 ;47.00 ;0.83
21:41:25 ;0.12 ;0.75 ;0.00 ;0.00 ;24.00 ;0.58
21:41:26 ;0.25 ;0.62 ;0.00 ;0.00 ;85.00 ;1.29
21:41:27 ;0.38 ;0.75 ;0.00 ;0.00 ;402.00 ;1.75
21:41:28 ;0.25 ;0.75 ;0.00 ;0.00 ;55.00 ;0.64
21:41:29 ;0.00 ;0.38 ;0.00 ;0.00 ;21.00 ;0.76
21:41:30 ;0.25 ;0.63 ;0.00 ;0.00 ;53.00 ;0.70
21:41:31 ;0.12 ;0.50 ;0.00 ;0.00 ;13.00 ;0.69
21:41:32 ;0.00 ;0.63 ;0.00 ;0.00 ;28.00 ;0.64
21:41:33 ;0.12 ;0.62 ;0.00 ;0.00 ;43.00 ;0.70
21:41:34 ;0.12 ;0.62 ;0.00 ;0.00 ;30.00 ;0.63
21:41:35 ;0.12 ;0.50 ;0.00 ;0.00 ;28.00 ;0.46
21:41:36 ;0.51 ;0.51 ;0.00 ;0.00 ;239.60 ;1.04
21:41:37 ;0.25 ;0.38 ;0.00 ;0.00 ;243.00 ;2.32
21:41:38 ;0.25 ;0.50 ;0.00 ;0.00 ;49.00 ;0.67
21:41:39 ;0.12 ;0.38 ;0.00 ;0.00 ;47.00 ;0.94
21:41:40 ;0.13 ;0.38 ;0.00 ;0.00 ;23.00 ;0.78
21:41:41 ;0.00 ;0.75 ;0.00 ;0.00 ;23.00 ;0.74
21:41:42 ;0.13 ;0.75 ;0.00 ;0.00 ;33.00 ;0.73
21:41:43 ;0.25 ;0.50 ;0.00 ;0.00 ;198.00 ;1.88
21:41:44 ;0.12 ;0.50 ;0.00 ;0.00 ;25.00 ;0.64
21:41:45 ;0.13 ;0.50 ;0.00 ;0.00 ;43.00 ;0.74
21:41:46 ;0.12 ;0.50 ;0.00 ;0.00 ;31.00 ;0.71
21:41:47 ;0.25 ;0.50 ;0.00 ;0.00 ;69.00 ;0.67
21:41:48 ;0.13 ;0.63 ;0.00 ;0.00 ;39.00 ;0.72
21:41:49 ;0.25 ;0.75 ;0.00 ;0.00 ;191.00 ;1.57
21:41:50 ;0.13 ;0.88 ;0.00 ;0.00 ;98.00 ;0.87
21:41:51 ;0.12 ;0.75 ;0.00 ;0.00 ;38.00 ;0.61
21:41:52 ;0.25 ;0.50 ;0.00 ;0.00 ;50.00 ;0.62
21:41:53 ;0.13 ;0.50 ;0.00 ;0.00 ;43.00 ;0.74
21:41:54 ;0.13 ;0.63 ;0.00 ;0.00 ;32.00 ;0.72
21:41:55 ;0.25 ;0.88 ;0.00 ;0.00 ;156.00 ;1.69
21:41:56 ;0.25 ;0.88 ;0.00 ;0.00 ;56.00 ;0.88
21:41:57 ;0.13 ;1.01 ;0.00 ;0.00 ;42.00 ;0.90
21:41:58 ;0.12 ;1.00 ;0.00 ;0.00 ;23.00 ;0.70
21:41:59 ;0.00 ;1.01 ;0.00 ;0.00 ;17.00 ;0.71
21:42:00 ;0.12 ;1.00 ;0.00 ;0.00 ;42.00 ;0.86
21:42:01 ;0.25 ;0.75 ;0.00 ;0.00 ;166.00 ;1.46
21:42:02 ;0.00 ;1.00 ;0.00 ;0.00 ;24.00 ;0.54
21:42:03 ;0.25 ;0.75 ;0.00 ;0.00 ;55.00 ;0.78
21:42:04 ;0.00 ;0.50 ;0.00 ;0.00 ;18.00 ;0.61
21:42:05 ;0.13 ;0.75 ;0.00 ;0.00 ;27.00 ;0.81
21:42:06 ;0.25 ;0.75 ;0.00 ;0.00 ;52.00 ;0.75
21:42:07 ;0.25 ;0.87 ;0.00 ;0.00 ;185.00 ;3.01
21:42:08 ;0.25 ;0.50 ;0.00 ;0.00 ;45.00 ;0.87
21:42:09 ;0.13 ;0.50 ;0.00 ;0.00 ;43.00 ;0.88
21:42:10 ;0.12 ;0.62 ;0.00 ;0.00 ;36.00 ;0.75
21:42:11 ;0.25 ;0.88 ;0.00 ;0.00 ;54.00 ;0.65
21:42:12 ;0.25 ;0.75 ;0.00 ;0.00 ;63.00 ;1.00
21:42:13 ;0.25 ;0.87 ;0.00 ;0.00 ;159.00 ;1.50
21:42:14 ;0.12 ;0.75 ;0.00 ;0.00 ;10.00 ;1.10
21:42:15 ;0.25 ;0.63 ;0.00 ;0.00 ;46.00 ;0.91
21:42:16 ;0.12 ;0.75 ;0.00 ;0.00 ;50.00 ;0.56
21:42:17 ;0.13 ;0.63 ;0.00 ;0.00 ;59.00 ;0.54
21:42:18 ;0.12 ;0.75 ;0.00 ;0.00 ;46.00 ;0.67
21:42:19 ;0.25 ;0.50 ;0.00 ;0.00 ;197.00 ;1.52
21:42:20 ;0.13 ;0.50 ;0.00 ;0.00 ;76.00 ;1.08
21:42:21 ;0.25 ;0.87 ;0.00 ;0.00 ;38.00 ;0.87
21:42:22 ;0.25 ;1.12 ;0.00 ;0.00 ;73.00 ;0.64
21:42:23 ;0.13 ;0.63 ;0.00 ;0.00 ;35.00 ;0.77
21:42:24 ;0.12 ;0.75 ;0.00 ;0.00 ;32.00 ;0.94
21:42:25 ;0.12 ;0.75 ;0.00 ;0.00 ;33.00 ;0.73
21:42:26 ;0.13 ;0.50 ;0.00 ;0.00 ;38.00 ;0.79
21:42:27 ;0.25 ;0.75 ;0.00 ;0.00 ;62.00 ;0.87
21:42:28 ;0.12 ;0.50 ;0.00 ;0.00 ;41.00 ;0.88
21:42:29 ;0.13 ;0.63 ;0.00 ;0.00 ;16.00 ;1.00
21:42:30 ;0.25 ;0.50 ;0.00 ;0.00 ;70.00 ;0.91
21:42:31 ;0.13 ;0.63 ;0.00 ;0.00 ;53.00 ;0.87
21:42:32 ;0.13 ;0.63 ;0.00 ;0.00 ;72.00 ;0.68
21:42:33 ;0.25 ;0.50 ;0.00 ;0.00 ;49.00 ;0.84
21:42:34 ;0.12 ;0.62 ;0.00 ;0.00 ;39.00 ;0.82
21:42:35 ;0.13 ;0.50 ;0.00 ;0.00 ;20.00 ;0.95
21:42:36 ;0.12 ;0.75 ;0.00 ;0.00 ;60.00 ;0.67
21:42:37 ;0.25 ;0.62 ;0.00 ;0.00 ;61.00 ;0.89
21:42:38 ;0.25 ;1.00 ;0.00 ;0.00 ;62.00 ;0.68
21:42:39 ;0.13 ;0.63 ;0.00 ;0.00 ;34.00 ;0.79
21:42:40 ;0.13 ;0.63 ;0.00 ;0.00 ;33.00 ;0.82
21:42:41 ;0.25 ;0.62 ;0.00 ;0.00 ;29.00 ;1.00
21:42:42 ;0.25 ;0.75 ;0.00 ;0.00 ;69.00 ;0.96
21:42:43 ;0.25 ;0.62 ;0.00 ;0.00 ;51.00 ;0.69
21:42:44 ;0.00 ;0.87 ;0.00 ;0.00 ;34.00 ;0.56
21:42:45 ;0.12 ;0.75 ;0.00 ;0.00 ;37.00 ;0.89
21:42:46 ;0.25 ;0.75 ;0.00 ;0.00 ;47.00 ;0.72
21:42:47 ;0.13 ;0.50 ;0.00 ;0.00 ;44.00 ;0.70
21:42:48 ;0.25 ;0.62 ;0.00 ;0.00 ;60.00 ;0.75
21:42:49 ;0.00 ;0.50 ;0.00 ;0.00 ;24.00 ;0.67
21:42:50 ;0.12 ;0.50 ;0.00 ;0.00 ;50.00 ;0.96
21:42:51 ;0.25 ;0.38 ;0.00 ;0.00 ;389.00 ;1.31
21:42:52 ;0.25 ;0.50 ;0.00 ;0.00 ;49.00 ;0.88
21:42:53 ;0.13 ;0.63 ;0.00 ;0.00 ;36.00 ;0.67
21:42:54 ;0.12 ;0.50 ;0.00 ;0.00 ;22.00 ;0.77
21:42:55 ;0.00 ;0.50 ;0.00 ;0.00 ;22.00 ;0.77
21:42:56 ;0.25 ;0.62 ;0.00 ;0.00 ;40.00 ;0.88
21:42:57 ;0.13 ;0.38 ;0.00 ;0.00 ;40.00 ;0.72
21:42:58 ;0.25 ;0.50 ;0.00 ;0.00 ;59.00 ;0.75
21:42:59 ;0.00 ;0.50 ;0.00 ;0.00 ;17.00 ;0.47
21:43:00 ;0.12 ;0.75 ;0.00 ;0.00 ;40.00 ;0.68
21:43:01 ;0.12 ;0.75 ;0.00 ;0.00 ;45.00 ;0.89
21:43:02 ;0.25 ;1.00 ;0.00 ;0.00 ;53.00 ;0.79
21:43:03 ;0.25 ;0.87 ;0.00 ;0.00 ;65.00 ;0.91
21:43:04 ;0.12 ;0.62 ;0.00 ;0.00 ;30.00 ;0.73
21:43:05 ;0.13 ;0.63 ;0.00 ;0.00 ;42.00 ;0.71
21:43:06 ;0.12 ;0.50 ;0.00 ;0.00 ;20.00 ;0.85
21:43:07 ;0.13 ;0.63 ;0.00 ;0.00 ;39.00 ;0.72
21:43:08 ;0.25 ;0.63 ;0.00 ;0.00 ;70.00 ;0.79
21:43:09 ;0.13 ;0.63 ;0.00 ;0.00 ;37.00 ;0.62
21:43:10 ;0.25 ;0.62 ;0.00 ;0.00 ;43.00 ;0.79
21:43:11 ;0.13 ;0.50 ;0.00 ;0.00 ;32.00 ;0.78
21:43:12 ;0.25 ;0.38 ;0.00 ;0.00 ;44.00 ;0.84
21:43:13 ;0.00 ;0.25 ;0.00 ;0.00 ;44.00 ;0.55
21:43:14 ;0.13 ;0.13 ;0.00 ;0.00 ;37.00 ;0.92
21:43:15 ;0.00 ;0.25 ;0.00 ;0.00 ;37.00 ;1.03
21:43:16 ;0.13 ;0.13 ;0.00 ;0.00 ;12.00 ;0.58
21:43:17 ;0.00 ;0.13 ;0.00 ;0.00 ;61.00 ;0.67
21:43:18 ;0.25 ;0.50 ;0.00 ;0.00 ;63.00 ;0.94
21:43:19 ;0.00 ;0.25 ;0.00 ;0.00 ;39.00 ;0.72
21:43:20 ;0.00 ;0.13 ;0.00 ;0.00 ;41.00 ;1.37
21:43:21 ;0.13 ;0.38 ;0.00 ;0.00 ;28.00 ;0.75
21:43:22 ;0.37 ;0.62 ;0.00 ;0.00 ;381.00 ;1.74
21:43:23 ;0.25 ;0.63 ;0.00 ;0.00 ;43.00 ;1.02
21:43:24 ;0.12 ;0.87 ;0.00 ;0.00 ;37.00 ;0.73
21:43:25 ;0.12 ;0.87 ;0.00 ;0.00 ;16.00 ;0.94
21:43:26 ;0.00 ;0.87 ;0.00 ;0.00 ;16.00 ;0.56
21:43:27 ;0.13 ;1.00 ;0.00 ;0.00 ;34.00 ;0.68
21:43:28 ;0.25 ;0.75 ;0.00 ;0.00 ;63.00 ;0.87
21:43:29 ;0.13 ;0.50 ;0.00 ;0.00 ;33.00 ;0.52
21:43:30 ;0.25 ;0.38 ;0.00 ;0.00 ;52.00 ;1.02
21:43:31 ;0.12 ;0.38 ;0.00 ;0.00 ;44.00 ;0.75
21:43:32 ;0.13 ;0.75 ;0.00 ;0.00 ;219.00 ;1.97
21:43:33 ;0.13 ;0.50 ;0.00 ;0.00 ;62.00 ;0.81
21:43:34 ;0.13 ;0.50 ;0.00 ;0.00 ;63.00 ;0.67
21:43:35 ;0.13 ;0.63 ;0.00 ;0.00 ;28.00 ;0.79
21:43:36 ;0.12 ;0.62 ;0.00 ;0.00 ;47.00 ;0.81
21:43:37 ;0.25 ;0.38 ;0.00 ;0.00 ;44.00 ;0.70
21:43:38 ;0.25 ;0.50 ;0.00 ;0.00 ;228.00 ;1.53
21:43:39 ;0.25 ;0.50 ;0.00 ;0.00 ;46.00 ;0.93
21:43:40 ;0.13 ;0.50 ;0.00 ;0.00 ;28.00 ;0.68
21:43:41 ;0.00 ;0.50 ;0.00 ;0.00 ;22.00 ;0.64
21:43:42 ;0.13 ;0.50 ;0.00 ;0.00 ;27.00 ;0.59
21:43:43 ;0.12 ;0.62 ;0.00 ;0.00 ;43.00 ;0.79
21:43:44 ;0.25 ;0.50 ;0.00 ;0.00 ;45.00 ;0.76
21:43:45 ;0.12 ;0.37 ;0.00 ;0.00 ;21.00 ;0.90
21:43:46 ;0.00 ;0.50 ;0.00 ;0.00 ;15.00 ;0.93
21:43:47 ;0.25 ;0.50 ;0.00 ;0.00 ;50.00 ;1.00
21:43:48 ;0.12 ;0.62 ;0.00 ;0.00 ;44.00 ;0.66
21:43:49 ;0.12 ;0.62 ;0.00 ;0.00 ;37.00 ;0.81
21:43:50 ;0.37 ;0.75 ;0.00 ;0.00 ;241.00 ;2.63
21:43:51 ;0.00 ;0.62 ;0.00 ;0.00 ;40.00 ;0.97
21:43:52 ;0.12 ;0.75 ;0.00 ;0.00 ;39.00 ;0.79
21:43:53 ;0.25 ;0.63 ;0.00 ;0.00 ;54.00 ;0.83
21:43:54 ;0.25 ;0.62 ;0.00 ;0.00 ;40.00 ;0.95
21:43:55 ;0.12 ;0.62 ;0.00 ;0.00 ;139.00 ;1.71
21:43:56 ;0.00 ;0.50 ;0.00 ;0.00 ;14.00 ;1.00
21:43:57 ;0.25 ;0.75 ;0.00 ;0.00 ;51.00 ;0.86
21:43:58 ;0.25 ;0.87 ;0.00 ;0.00 ;29.00 ;0.93
21:43:59 ;0.13 ;0.50 ;0.00 ;0.00 ;39.00 ;0.87
21:44:00 ;0.12 ;0.50 ;0.00 ;0.00 ;41.00 ;0.66
21:44:01 ;0.12 ;0.50 ;0.00 ;0.00 ;138.00 ;1.30
21:44:02 ;0.25 ;0.63 ;0.00 ;0.00 ;44.00 ;0.77
21:44:03 ;0.25 ;0.50 ;0.00 ;0.00 ;61.00 ;0.95
21:44:04 ;0.13 ;0.38 ;0.00 ;0.00 ;36.00 ;0.47
21:44:05 ;0.00 ;0.62 ;0.00 ;0.00 ;30.00 ;0.47
21:44:06 ;0.13 ;0.50 ;0.00 ;0.00 ;47.00 ;0.47
21:44:07 ;0.13 ;0.88 ;0.00 ;0.00 ;185.00 ;1.44
21:44:08 ;0.12 ;0.87 ;0.00 ;0.00 ;39.00 ;0.85
21:44:09 ;0.25 ;0.75 ;0.00 ;0.00 ;49.00 ;0.82
21:44:10 ;0.25 ;0.75 ;0.00 ;0.00 ;49.00 ;0.92
21:44:11 ;0.12 ;0.87 ;0.00 ;0.00 ;18.00 ;1.17
21:44:12 ;0.12 ;1.00 ;0.00 ;0.00 ;32.00 ;0.84
21:44:13 ;0.12 ;1.12 ;0.00 ;0.00 ;164.00 ;1.45
21:44:14 ;0.37 ;0.99 ;0.00 ;0.00 ;53.00 ;0.96
21:44:15 ;0.12 ;1.12 ;0.00 ;0.00 ;33.00 ;0.73
21:44:16 ;0.12 ;1.00 ;0.00 ;0.00 ;32.00 ;0.84
21:44:17 ;0.12 ;1.12 ;0.00 ;0.00 ;34.00 ;0.88
21:44:18 ;0.13 ;1.00 ;0.00 ;0.00 ;53.00 ;0.55
21:44:19 ;0.12 ;1.12 ;0.00 ;0.00 ;49.00 ;0.51
21:44:20 ;0.12 ;1.00 ;0.00 ;0.00 ;42.00 ;0.48
21:44:21 ;0.00 ;1.00 ;0.00 ;0.00 ;53.00 ;1.06
21:44:22 ;0.12 ;1.00 ;0.00 ;0.00 ;42.00 ;0.50
21:44:23 ;0.13 ;1.00 ;0.00 ;0.00 ;60.00 ;0.73
21:44:24 ;0.38 ;1.00 ;0.00 ;0.00 ;63.00 ;1.27
21:44:25 ;0.25 ;1.12 ;0.00 ;0.00 ;45.00 ;0.84
21:44:26 ;0.12 ;1.12 ;0.00 ;0.00 ;32.00 ;0.75
21:44:27 ;0.12 ;1.38 ;0.00 ;0.00 ;41.00 ;0.68
21:44:28 ;0.25 ;1.12 ;0.00 ;0.00 ;47.00 ;0.96
21:44:29 ;0.12 ;1.37 ;0.00 ;0.00 ;43.00 ;0.88
21:44:30 ;0.25 ;1.98 ;0.00 ;0.00 ;53.00 ;0.89
21:44:31 ;0.12 ;1.49 ;0.00 ;0.00 ;36.00 ;0.75
21:44:32 ;0.25 ;2.22 ;0.00 ;0.00 ;48.00 ;0.75
21:44:33 ;0.25 ;1.50 ;0.00 ;0.00 ;52.00 ;1.33
21:44:34 ;0.12 ;1.24 ;0.00 ;0.00 ;42.00 ;0.57
21:44:35 ;0.12 ;1.12 ;0.00 ;0.00 ;38.00 ;0.53
21:44:36 ;0.00 ;1.12 ;0.00 ;0.00 ;23.00 ;0.65
21:44:37 ;0.12 ;1.25 ;0.00 ;0.00 ;43.00 ;0.65
21:44:38 ;0.25 ;0.87 ;0.00 ;0.00 ;28.00 ;0.89
21:44:39 ;0.12 ;1.12 ;0.00 ;0.00 ;47.00 ;0.83
21:44:40 ;0.38 ;0.75 ;0.00 ;0.00 ;47.00 ;1.47
21:44:41 ;0.12 ;0.75 ;0.00 ;0.00 ;21.00 ;1.29
21:44:42 ;0.13 ;0.88 ;0.00 ;0.00 ;39.00 ;0.67
21:44:43 ;0.12 ;1.00 ;0.00 ;0.00 ;43.00 ;0.91
21:44:44 ;0.25 ;0.88 ;0.00 ;0.00 ;43.00 ;1.02
21:44:45 ;0.38 ;0.63 ;0.00 ;0.00 ;407.00 ;2.49
21:44:46 ;0.12 ;0.50 ;0.00 ;0.00 ;38.00 ;1.00
21:44:47 ;0.13 ;0.38 ;0.00 ;0.00 ;48.00 ;0.77
21:44:48 ;0.13 ;0.50 ;0.00 ;0.00 ;36.00 ;0.67
21:44:49 ;0.25 ;0.38 ;0.00 ;0.00 ;69.00 ;0.61
21:44:50 ;0.12 ;0.75 ;0.00 ;0.00 ;32.00 ;0.97
21:44:51 ;0.25 ;0.50 ;0.00 ;0.00 ;77.00 ;1.27
21:44:52 ;0.12 ;0.75 ;0.00 ;0.00 ;52.00 ;0.85
21:44:53 ;0.25 ;0.88 ;0.00 ;0.00 ;30.00 ;1.00
21:44:54 ;0.12 ;0.75 ;0.00 ;0.00 ;56.00 ;0.70
21:44:55 ;0.25 ;0.88 ;0.00 ;0.00 ;48.00 ;0.85
21:44:56 ;0.12 ;0.75 ;0.00 ;0.00 ;228.00 ;1.68
21:44:57 ;0.13 ;0.75 ;0.00 ;0.00 ;30.00 ;0.73
21:44:58 ;0.25 ;0.63 ;0.00 ;0.00 ;51.00 ;0.75
21:44:59 ;0.13 ;0.50 ;0.00 ;0.00 ;41.00 ;0.73
21:45:00 ;0.25 ;1.00 ;0.00 ;0.00 ;77.00 ;1.00
21:45:01 ;0.50 ;1.37 ;0.00 ;0.00 ;89.00 ;0.98
21:45:02 ;0.12 ;1.62 ;0.00 ;0.00 ;49.00 ;0.53
21:45:03 ;0.25 ;1.13 ;0.00 ;0.00 ;92.00 ;0.59
21:45:04 ;0.12 ;1.00 ;0.00 ;0.00 ;50.00 ;0.70
21:45:05 ;0.12 ;1.25 ;0.00 ;0.00 ;18.00 ;1.06
21:45:06 ;0.12 ;1.00 ;0.00 ;0.00 ;54.00 ;0.87
21:45:07 ;0.12 ;1.38 ;0.00 ;0.00 ;26.00 ;1.00
21:45:08 ;0.25 ;1.00 ;0.00 ;0.00 ;63.00 ;0.76
21:45:09 ;0.13 ;0.63 ;0.00 ;0.00 ;35.00 ;0.83
21:45:10 ;0.13 ;0.50 ;0.00 ;0.00 ;30.00 ;1.43
21:45:11 ;0.12 ;0.75 ;0.00 ;0.00 ;39.00 ;0.69
21:45:12 ;0.25 ;0.63 ;0.00 ;0.00 ;36.00 ;0.97
21:45:13 ;0.12 ;0.62 ;0.00 ;0.00 ;35.00 ;0.86
21:45:14 ;0.25 ;0.50 ;0.00 ;0.00 ;54.00 ;0.93
21:45:15 ;0.25 ;0.63 ;0.00 ;0.00 ;64.00 ;0.55
21:45:16 ;0.00 ;0.50 ;0.00 ;0.00 ;40.00 ;0.68
21:45:17 ;0.37 ;0.75 ;0.00 ;0.00 ;49.00 ;1.16
21:45:18 ;0.25 ;1.00 ;0.00 ;0.00 ;46.00 ;0.89
21:45:19 ;0.13 ;0.63 ;0.00 ;0.00 ;33.00 ;0.97
21:45:20 ;0.25 ;0.75 ;0.00 ;0.00 ;51.00 ;0.84
21:45:21 ;0.25 ;0.50 ;0.00 ;0.00 ;87.00 ;1.54
21:45:22 ;0.13 ;0.50 ;0.00 ;0.00 ;57.00 ;0.61
21:45:23 ;0.38 ;0.38 ;0.00 ;0.00 ;89.00 ;0.97
21:45:24 ;0.13 ;0.13 ;0.00 ;0.00 ;52.00 ;0.98
21:45:25 ;0.25 ;0.50 ;0.00 ;0.00 ;47.00 ;0.89
21:45:26 ;0.12 ;0.75 ;0.00 ;0.00 ;48.00 ;0.94
21:45:27 ;0.25 ;0.75 ;0.00 ;0.00 ;393.00 ;2.29
21:45:28 ;0.25 ;0.50 ;0.00 ;0.00 ;67.00 ;0.61
21:45:29 ;0.00 ;0.50 ;0.00 ;0.00 ;17.00 ;0.53
21:45:30 ;0.25 ;0.38 ;0.00 ;0.00 ;44.00 ;0.82
21:45:31 ;0.12 ;0.50 ;0.00 ;0.00 ;33.00 ;0.82
21:45:32 ;0.25 ;0.75 ;0.00 ;0.00 ;42.00 ;0.95
21:45:33 ;0.25 ;0.63 ;0.00 ;0.00 ;76.00 ;1.01
21:45:34 ;0.25 ;0.88 ;0.00 ;0.00 ;60.00 ;0.70
21:45:35 ;0.13 ;1.01 ;0.00 ;0.00 ;37.00 ;0.73
21:45:36 ;0.13 ;0.88 ;0.00 ;0.00 ;49.00 ;0.84
21:45:37 ;0.50 ;0.75 ;0.00 ;0.00 ;281.00 ;3.78
21:45:38 ;0.13 ;0.63 ;0.00 ;0.00 ;61.00 ;0.85
21:45:39 ;0.13 ;0.63 ;0.00 ;0.00 ;23.00 ;0.96
21:45:40 ;0.25 ;0.87 ;0.00 ;0.00 ;59.00 ;0.81
21:45:41 ;0.25 ;1.00 ;0.00 ;0.00 ;61.00 ;1.23
21:45:42 ;0.00 ;0.87 ;0.00 ;0.00 ;40.00 ;0.53
21:45:43 ;0.12 ;0.75 ;0.00 ;0.00 ;45.00 ;0.62
21:45:44 ;0.25 ;0.88 ;0.00 ;0.00 ;60.00 ;0.63
21:45:45 ;0.25 ;0.75 ;0.00 ;0.00 ;36.00 ;0.94
21:45:46 ;0.12 ;0.62 ;0.00 ;0.00 ;51.00 ;0.80
21:45:47 ;0.25 ;0.50 ;0.00 ;0.00 ;62.00 ;0.74
21:45:48 ;0.25 ;0.50 ;0.00 ;0.00 ;229.00 ;2.52
21:45:49 ;0.25 ;0.50 ;0.00 ;0.00 ;33.00 ;1.00
21:45:50 ;0.12 ;0.62 ;0.00 ;0.00 ;37.00 ;0.62
21:45:51 ;0.25 ;0.38 ;0.00 ;0.00 ;72.00 ;1.26
21:45:52 ;0.25 ;0.62 ;0.00 ;0.00 ;44.00 ;0.73
21:45:53 ;0.13 ;0.50 ;0.00 ;0.00 ;34.00 ;0.74
21:45:54 ;0.25 ;0.37 ;0.00 ;0.00 ;47.00 ;0.77
21:45:55 ;0.13 ;0.50 ;0.00 ;0.00 ;22.00 ;2.00
21:45:56 ;0.13 ;0.63 ;0.00 ;0.00 ;28.00 ;0.79
21:45:57 ;0.12 ;0.50 ;0.00 ;0.00 ;38.00 ;1.05
21:45:58 ;0.25 ;0.62 ;0.00 ;0.00 ;37.00 ;0.86
21:45:59 ;0.12 ;0.25 ;0.00 ;0.00 ;237.00 ;1.28
21:46:00 ;0.13 ;0.50 ;0.00 ;0.00 ;33.00 ;0.82
21:46:01 ;0.12 ;0.62 ;0.00 ;0.00 ;46.00 ;0.61
21:46:02 ;0.12 ;0.62 ;0.00 ;0.00 ;42.00 ;0.55
21:46:03 ;0.13 ;0.50 ;0.00 ;0.00 ;47.00 ;0.55
21:46:04 ;0.25 ;0.75 ;0.00 ;0.00 ;64.00 ;0.55
21:46:05 ;0.00 ;0.50 ;0.00 ;0.00 ;14.00 ;0.50
21:46:06 ;0.00 ;0.50 ;0.00 ;0.00 ;22.00 ;0.55
21:46:07 ;0.25 ;0.50 ;0.00 ;0.00 ;57.00 ;0.51
21:46:08 ;0.00 ;0.50 ;0.00 ;0.00 ;33.00 ;0.58
21:46:09 ;0.25 ;0.50 ;0.00 ;0.00 ;239.00 ;1.56
21:46:10 ;0.00 ;0.63 ;0.00 ;0.00 ;34.00 ;0.53
21:46:11 ;0.12 ;0.75 ;0.00 ;0.00 ;40.59 ;0.51
21:46:12 ;0.13 ;0.75 ;0.00 ;0.00 ;58.00 ;1.00
21:46:13 ;0.13 ;0.38 ;0.00 ;0.00 ;50.00 ;0.56
21:46:14 ;0.12 ;0.62 ;0.00 ;0.00 ;53.00 ;0.47
21:46:15 ;0.00 ;0.50 ;0.00 ;0.00 ;16.00 ;0.50
21:46:16 ;0.13 ;0.63 ;0.00 ;0.00 ;51.00 ;0.49
21:46:17 ;0.13 ;0.63 ;0.00 ;0.00 ;47.00 ;0.53
21:46:18 ;0.00 ;0.62 ;0.00 ;0.00 ;22.00 ;0.55
21:46:19 ;0.13 ;0.63 ;0.00 ;0.00 ;26.00 ;0.54
21:46:20 ;0.00 ;0.62 ;0.00 ;0.00 ;27.00 ;0.67
21:46:21 ;0.25 ;0.50 ;0.00 ;0.00 ;241.00 ;1.11
21:46:22 ;0.12 ;0.50 ;0.00 ;0.00 ;70.00 ;0.83
21:46:23 ;0.00 ;0.38 ;0.00 ;0.00 ;45.00 ;0.51
21:46:24 ;0.13 ;0.50 ;0.00 ;0.00 ;38.00 ;0.58
21:46:25 ;0.12 ;0.50 ;0.00 ;0.00 ;20.00 ;0.50
21:46:26 ;0.00 ;0.63 ;0.00 ;0.00 ;36.00 ;0.56
21:46:27 ;0.12 ;0.62 ;0.00 ;0.00 ;43.00 ;0.51
21:46:28 ;0.13 ;0.50 ;0.00 ;0.00 ;37.00 ;0.46
21:46:29 ;0.13 ;0.50 ;0.00 ;0.00 ;38.00 ;0.53
21:46:30 ;0.13 ;0.50 ;0.00 ;0.00 ;39.00 ;0.64
21:46:31 ;0.00 ;0.38 ;0.00 ;0.00 ;20.00 ;0.60
21:46:32 ;0.12 ;0.62 ;0.00 ;0.00 ;38.00 ;0.61
21:46:33 ;0.13 ;0.38 ;0.00 ;0.00 ;59.00 ;0.51
21:46:34 ;0.13 ;0.50 ;0.00 ;0.00 ;21.00 ;0.52
21:46:35 ;0.12 ;0.75 ;0.00 ;0.00 ;44.00 ;0.73
21:46:36 ;0.25 ;0.62 ;0.00 ;0.00 ;230.00 ;0.92
21:46:37 ;0.25 ;0.63 ;0.00 ;0.00 ;47.00 ;0.72
21:46:38 ;0.12 ;0.62 ;0.00 ;0.00 ;55.00 ;0.55
21:46:39 ;0.00 ;0.50 ;0.00 ;0.00 ;23.00 ;0.70
21:46:40 ;0.12 ;0.75 ;0.00 ;0.00 ;55.00 ;0.51
21:46:41 ;0.00 ;0.75 ;0.00 ;0.00 ;14.00 ;0.50
21:46:42 ;0.25 ;0.75 ;0.00 ;0.00 ;46.00 ;0.59
21:46:43 ;0.12 ;0.62 ;0.00 ;0.00 ;59.00 ;0.66
21:46:44 ;0.00 ;0.62 ;0.00 ;0.00 ;33.00 ;0.61
21:46:45 ;0.13 ;0.63 ;0.00 ;0.00 ;29.00 ;0.52
21:46:46 ;0.13 ;0.50 ;0.00 ;0.00 ;52.00 ;0.56
21:46:47 ;0.13 ;0.38 ;0.00 ;0.00 ;33.00 ;0.76
21:46:48 ;0.00 ;0.63 ;0.00 ;0.00 ;41.00 ;0.59
21:46:49 ;0.12 ;0.50 ;0.00 ;0.00 ;27.00 ;0.56
21:46:50 ;0.13 ;0.50 ;0.00 ;0.00 ;44.00 ;0.66
21:46:51 ;0.00 ;0.38 ;0.00 ;0.00 ;19.00 ;0.63
21:46:52 ;0.38 ;0.50 ;0.00 ;0.00 ;445.00 ;1.80
21:46:53 ;0.13 ;0.38 ;0.00 ;0.00 ;33.00 ;0.91
21:46:54 ;0.00 ;0.50 ;0.00 ;0.00 ;27.00 ;0.67
21:46:55 ;0.13 ;0.50 ;0.00 ;0.00 ;50.00 ;0.52
21:46:56 ;0.12 ;0.50 ;0.00 ;0.00 ;37.00 ;0.57
21:46:57 ;0.13 ;0.63 ;0.00 ;0.00 ;38.00 ;0.55
21:46:58 ;0.25 ;0.88 ;0.00 ;0.00 ;55.00 ;0.93
21:46:59 ;0.00 ;0.63 ;0.00 ;0.00 ;48.00 ;0.52
21:47:00 ;0.13 ;0.63 ;0.00 ;0.00 ;44.00 ;0.80
21:47:01 ;0.13 ;0.63 ;0.00 ;0.00 ;49.00 ;0.67
21:47:02 ;0.12 ;0.87 ;0.00 ;0.00 ;51.00 ;0.59
21:47:03 ;0.12 ;0.62 ;0.00 ;0.00 ;42.00 ;0.55
21:47:04 ;0.12 ;0.50 ;0.00 ;0.00 ;58.00 ;0.52
21:47:05 ;0.13 ;0.38 ;0.00 ;0.00 ;39.00 ;0.54
21:47:06 ;0.13 ;0.38 ;0.00 ;0.00 ;44.00 ;0.61
21:47:07 ;0.13 ;0.50 ;0.00 ;0.00 ;50.00 ;0.56
21:47:08 ;0.13 ;0.38 ;0.00 ;0.00 ;57.00 ;0.54
21:47:09 ;0.12 ;0.50 ;0.00 ;0.00 ;26.00 ;0.54
21:47:10 ;0.13 ;0.38 ;0.00 ;0.00 ;40.00 ;0.62
21:47:11 ;0.00 ;0.50 ;0.00 ;0.00 ;45.00 ;0.53
21:47:12 ;0.25 ;0.50 ;0.00 ;0.00 ;47.00 ;0.81
21:47:13 ;0.13 ;0.63 ;0.00 ;0.00 ;57.00 ;0.84
21:47:14 ;0.12 ;0.50 ;0.00 ;0.00 ;48.00 ;0.54
21:47:15 ;0.00 ;0.50 ;0.00 ;0.00 ;15.00 ;0.60
21:47:16 ;0.12 ;0.50 ;0.00 ;0.00 ;46.00 ;0.57
21:47:17 ;0.13 ;0.50 ;0.00 ;0.00 ;48.00 ;0.58
21:47:18 ;0.12 ;0.50 ;0.00 ;0.00 ;56.00 ;0.55
21:47:19 ;0.13 ;0.38 ;0.00 ;0.00 ;48.00 ;0.56
21:47:20 ;0.12 ;0.38 ;0.00 ;0.00 ;16.00 ;0.56
21:47:21 ;0.00 ;0.50 ;0.00 ;0.00 ;49.00 ;0.53
21:47:22 ;0.13 ;0.63 ;0.00 ;0.00 ;81.00 ;0.72
21:47:23 ;0.25 ;0.62 ;0.00 ;0.00 ;397.00 ;1.66
21:47:24 ;0.12 ;0.62 ;0.00 ;0.00 ;48.00 ;0.54
21:47:25 ;0.13 ;0.50 ;0.00 ;0.00 ;42.00 ;0.50
21:47:26 ;0.13 ;0.63 ;0.00 ;0.00 ;62.00 ;0.55
21:47:27 ;0.13 ;0.75 ;0.00 ;0.00 ;48.00 ;0.60
21:47:28 ;0.25 ;0.50 ;0.00 ;0.00 ;63.00 ;0.67
21:47:29 ;0.13 ;0.50 ;0.00 ;0.00 ;50.00 ;0.56
21:47:30 ;0.00 ;0.50 ;0.00 ;0.00 ;37.00 ;0.57
21:47:31 ;0.13 ;0.38 ;0.00 ;0.00 ;51.00 ;0.53
21:47:32 ;0.13 ;0.50 ;0.00 ;0.00 ;30.00 ;0.53
21:47:33 ;0.13 ;0.50 ;0.00 ;0.00 ;54.00 ;0.52
21:47:34 ;0.12 ;0.62 ;0.00 ;0.00 ;56.00 ;0.54
21:47:35 ;0.12 ;0.62 ;0.00 ;0.00 ;41.00 ;0.66
21:47:36 ;0.00 ;0.62 ;0.00 ;0.00 ;40.00 ;0.50
21:47:37 ;0.13 ;0.63 ;0.00 ;0.00 ;37.00 ;0.51
21:47:38 ;0.13 ;0.63 ;0.00 ;0.00 ;55.00 ;0.56
21:47:39 ;0.13 ;0.50 ;0.00 ;0.00 ;46.00 ;0.52
21:47:40 ;0.00 ;0.50 ;0.00 ;0.00 ;16.00 ;0.50
21:47:41 ;0.12 ;0.50 ;0.00 ;0.00 ;21.00 ;0.52
21:47:42 ;0.00 ;0.50 ;0.00 ;0.00 ;29.00 ;0.52
21:47:43 ;0.25 ;0.50 ;0.00 ;0.00 ;55.00 ;0.64
21:47:44 ;0.00 ;0.38 ;0.00 ;0.00 ;36.00 ;0.86
21:47:45 ;0.12 ;0.75 ;0.00 ;0.00 ;42.00 ;0.52
21:47:46 ;0.12 ;0.75 ;0.00 ;0.00 ;42.00 ;0.60
21:47:47 ;0.12 ;0.75 ;0.00 ;0.00 ;32.00 ;0.59
21:47:48 ;0.13 ;0.63 ;0.00 ;0.00 ;53.00 ;0.53
21:47:49 ;0.00 ;0.38 ;0.00 ;0.00 ;39.00 ;0.59
21:47:50 ;0.12 ;0.50 ;0.00 ;0.00 ;36.00 ;0.53
21:47:51 ;0.13 ;0.50 ;0.00 ;0.00 ;43.00 ;0.53
21:47:52 ;0.00 ;0.50 ;0.00 ;0.00 ;47.00 ;1.23
21:47:53 ;0.25 ;0.38 ;0.00 ;0.00 ;80.00 ;0.69
21:47:54 ;0.12 ;0.37 ;0.00 ;0.00 ;43.00 ;0.60
21:47:55 ;0.13 ;0.50 ;0.00 ;0.00 ;386.00 ;1.66
21:47:56 ;0.12 ;0.62 ;0.00 ;0.00 ;37.00 ;0.51
21:47:57 ;0.13 ;0.63 ;0.00 ;0.00 ;48.00 ;0.54
21:47:58 ;0.00 ;0.63 ;0.00 ;0.00 ;41.00 ;0.51
21:47:59 ;0.25 ;0.62 ;0.00 ;0.00 ;58.00 ;0.60
21:48:00 ;0.00 ;0.75 ;0.00 ;0.00 ;43.00 ;0.51
21:48:01 ;0.12 ;0.62 ;0.00 ;0.00 ;25.00 ;0.56
21:48:02 ;0.00 ;0.75 ;0.00 ;0.00 ;25.00 ;0.48
21:48:03 ;0.13 ;0.63 ;0.00 ;0.00 ;52.00 ;0.46
21:48:04 ;0.12 ;0.50 ;0.00 ;0.00 ;33.00 ;0.61
21:48:05 ;0.13 ;0.38 ;0.00 ;0.00 ;31.00 ;0.61
21:48:06 ;0.00 ;0.50 ;0.00 ;0.00 ;25.00 ;0.48
21:48:07 ;0.13 ;0.38 ;0.00 ;0.00 ;49.00 ;0.51
21:48:08 ;0.13 ;0.63 ;0.00 ;0.00 ;46.00 ;0.54
21:48:09 ;0.13 ;0.50 ;0.00 ;0.00 ;37.00 ;0.51
21:48:10 ;0.00 ;0.75 ;0.00 ;0.00 ;28.00 ;0.61
21:48:11 ;0.12 ;0.75 ;0.00 ;0.00 ;40.00 ;0.60
21:48:12 ;0.00 ;0.62 ;0.00 ;0.00 ;22.00 ;0.45
21:48:13 ;0.25 ;0.50 ;0.00 ;0.00 ;62.00 ;0.50
21:48:14 ;0.12 ;0.50 ;0.00 ;0.00 ;70.00 ;0.53
21:48:15 ;0.00 ;0.50 ;0.00 ;0.00 ;28.00 ;0.89
21:48:16 ;0.12 ;0.62 ;0.00 ;0.00 ;60.00 ;0.50
21:48:17 ;0.25 ;0.50 ;0.00 ;0.00 ;70.00 ;0.53
21:48:18 ;0.00 ;0.38 ;0.00 ;0.00 ;38.00 ;0.55
21:48:19 ;0.25 ;0.38 ;0.00 ;0.00 ;50.00 ;0.64
21:48:20 ;0.25 ;0.50 ;0.00 ;0.00 ;30.00 ;1.20
21:48:21 ;0.25 ;0.50 ;0.00 ;0.00 ;21.00 ;1.00
21:48:22 ;0.00 ;0.63 ;0.00 ;0.00 ;68.00 ;0.85
21:48:23 ;0.13 ;0.63 ;0.00 ;0.00 ;57.00 ;0.56
21:48:24 ;0.13 ;0.50 ;0.00 ;0.00 ;42.00 ;0.50
21:48:25 ;0.12 ;0.75 ;0.00 ;0.00 ;25.00 ;0.52
21:48:26 ;0.25 ;0.63 ;0.00 ;0.00 ;438.00 ;1.64
21:48:27 ;0.13 ;0.63 ;0.00 ;0.00 ;71.00 ;0.55
21:48:28 ;0.13 ;0.38 ;0.00 ;0.00 ;25.00 ;0.52
21:48:29 ;0.13 ;0.38 ;0.00 ;0.00 ;46.00 ;0.52
21:48:30 ;0.13 ;0.38 ;0.00 ;0.00 ;34.00 ;0.62
21:48:31 ;0.00 ;0.50 ;0.00 ;0.00 ;23.00 ;0.57
21:48:32 ;0.00 ;0.38 ;0.00 ;0.00 ;19.00 ;0.63
21:48:33 ;0.13 ;0.50 ;0.00 ;0.00 ;28.00 ;0.50
21:48:34 ;0.12 ;0.62 ;0.00 ;0.00 ;58.00 ;0.52
21:48:35 ;0.00 ;0.63 ;0.00 ;0.00 ;9.00 ;0.56
21:48:36 ;0.25 ;0.75 ;0.00 ;0.00 ;52.00 ;0.54
21:48:37 ;0.00 ;0.63 ;0.00 ;0.00 ;36.00 ;0.56
21:48:38 ;0.13 ;0.50 ;0.00 ;0.00 ;33.00 ;0.55
21:48:39 ;0.13 ;0.63 ;0.00 ;0.00 ;56.00 ;0.57
21:48:40 ;0.12 ;0.50 ;0.00 ;0.00 ;47.00 ;0.53
21:48:41 ;0.13 ;0.50 ;0.00 ;0.00 ;28.00 ;0.57
21:48:42 ;0.00 ;0.50 ;0.00 ;0.00 ;45.00 ;0.51
21:48:43 ;0.25 ;0.38 ;0.00 ;0.00 ;59.00 ;0.68
21:48:44 ;0.00 ;0.50 ;0.00 ;0.00 ;27.00 ;0.56
21:48:45 ;0.12 ;0.50 ;0.00 ;0.00 ;26.00 ;0.62
21:48:46 ;0.13 ;0.50 ;0.00 ;0.00 ;50.00 ;0.76
21:48:47 ;0.13 ;0.63 ;0.00 ;0.00 ;36.00 ;0.56
21:48:48 ;0.13 ;0.63 ;0.00 ;0.00 ;45.00 ;0.56
21:48:49 ;0.13 ;0.38 ;0.00 ;0.00 ;76.00 ;0.57
21:48:50 ;0.13 ;0.50 ;0.00 ;0.00 ;46.00 ;0.59
21:48:51 ;0.13 ;0.38 ;0.00 ;0.00 ;24.00 ;0.54
21:48:52 ;0.12 ;0.50 ;0.00 ;0.00 ;54.00 ;0.59
21:48:53 ;0.13 ;0.63 ;0.00 ;0.00 ;60.00 ;0.92
21:48:54 ;0.12 ;0.50 ;0.00 ;0.00 ;30.00 ;0.57
21:48:55 ;0.00 ;0.63 ;0.00 ;0.00 ;32.00 ;0.56
21:48:56 ;0.12 ;0.37 ;0.00 ;0.00 ;46.00 ;0.57
21:48:57 ;0.13 ;0.63 ;0.00 ;0.00 ;36.00 ;0.53
21:48:58 ;0.13 ;0.38 ;0.00 ;0.00 ;388.00 ;1.80
21:48:59 ;0.12 ;0.50 ;1.00 ;0.00 ;48.00 ;0.56
21:49:00 ;0.13 ;0.50 ;0.00 ;0.00 ;54.00 ;0.54
21:49:01 ;0.12 ;0.75 ;0.00 ;0.00 ;22.00 ;0.59
21:49:02 ;0.00 ;0.75 ;0.00 ;0.00 ;30.00 ;0.53
21:49:03 ;0.12 ;0.62 ;0.00 ;0.00 ;48.00 ;0.60
21:49:04 ;0.12 ;0.50 ;0.00 ;0.00 ;36.00 ;0.61
21:49:05 ;0.13 ;0.38 ;0.00 ;0.00 ;29.00 ;0.52
21:49:06 ;0.13 ;0.38 ;0.00 ;0.00 ;38.00 ;0.50
21:49:07 ;0.12 ;0.62 ;0.00 ;0.00 ;53.00 ;0.58
21:49:08 ;0.13 ;0.63 ;0.00 ;0.00 ;54.00 ;0.57
21:49:09 ;0.00 ;0.50 ;0.00 ;0.00 ;42.00 ;0.52
21:49:10 ;0.12 ;0.62 ;0.00 ;0.00 ;46.00 ;0.54
21:49:11 ;0.12 ;0.75 ;0.00 ;0.00 ;32.00 ;0.56
21:49:12 ;0.13 ;0.50 ;0.00 ;0.00 ;54.00 ;0.54
21:49:13 ;0.12 ;0.50 ;0.00 ;0.00 ;48.00 ;0.58
21:49:14 ;0.12 ;0.37 ;0.00 ;0.00 ;278.00 ;1.65
21:49:15 ;0.13 ;0.38 ;0.00 ;0.00 ;42.00 ;0.64
21:49:16 ;0.13 ;0.63 ;0.00 ;0.00 ;47.00 ;0.55
21:49:17 ;0.13 ;0.50 ;0.00 ;0.00 ;63.00 ;0.68
21:49:18 ;0.25 ;0.62 ;0.00 ;0.00 ;48.00 ;1.02
21:49:19 ;0.12 ;0.37 ;0.00 ;0.00 ;48.00 ;0.56
21:49:20 ;0.12 ;0.50 ;0.00 ;0.00 ;38.00 ;0.61
21:49:21 ;0.13 ;0.38 ;0.00 ;0.00 ;42.00 ;0.60
21:49:22 ;0.13 ;0.38 ;0.00 ;0.00 ;60.00 ;0.52
21:49:23 ;0.12 ;0.38 ;0.00 ;0.00 ;60.00 ;1.07
21:49:24 ;0.00 ;0.50 ;0.00 ;0.00 ;227.00 ;1.92
21:49:25 ;0.12 ;0.62 ;0.00 ;0.00 ;35.00 ;0.60
21:49:26 ;0.12 ;0.62 ;0.00 ;0.00 ;35.00 ;0.54
21:49:27 ;0.13 ;0.63 ;0.00 ;0.00 ;47.00 ;0.55
21:49:28 ;0.00 ;0.50 ;0.00 ;0.00 ;35.00 ;0.54
21:49:29 ;0.13 ;0.38 ;0.00 ;0.00 ;39.00 ;0.59
21:49:30 ;0.13 ;0.50 ;0.00 ;0.00 ;40.00 ;0.57
21:49:31 ;0.12 ;0.50 ;0.00 ;0.00 ;40.00 ;0.60
21:49:32 ;0.13 ;0.50 ;0.00 ;0.00 ;50.00 ;0.82
21:49:33 ;0.12 ;0.50 ;0.00 ;0.00 ;31.00 ;0.61
21:49:34 ;0.13 ;0.63 ;0.00 ;0.00 ;36.00 ;0.56
21:49:35 ;0.12 ;0.75 ;0.00 ;0.00 ;253.00 ;1.57
21:49:36 ;0.12 ;0.50 ;0.00 ;0.00 ;71.00 ;0.61
21:49:37 ;0.13 ;0.25 ;0.00 ;0.00 ;110.00 ;0.82
21:49:38 ;0.13 ;0.13 ;0.00 ;0.00 ;80.00 ;0.61
21:49:39 ;0.13 ;0.50 ;0.00 ;0.00 ;51.00 ;0.57
21:49:40 ;0.00 ;0.13 ;0.00 ;0.00 ;69.00 ;0.62
21:49:41 ;0.25 ;1.12 ;0.00 ;0.00 ;229.00 ;1.40
21:49:42 ;0.13 ;0.75 ;0.00 ;0.00 ;48.00 ;0.79
21:49:43 ;0.25 ;0.75 ;0.00 ;0.00 ;42.00 ;2.69
21:49:44 ;0.38 ;0.75 ;0.00 ;0.00 ;46.00 ;1.59
21:49:45 ;0.13 ;0.50 ;0.00 ;0.00 ;21.00 ;0.67
21:49:46 ;0.13 ;0.50 ;0.00 ;0.00 ;27.00 ;0.93
21:49:47 ;0.25 ;0.63 ;0.00 ;0.00 ;196.00 ;1.38
21:49:48 ;0.13 ;0.63 ;0.00 ;0.00 ;90.00 ;0.52
21:49:49 ;0.25 ;0.62 ;0.00 ;0.00 ;29.00 ;0.97
21:49:50 ;0.12 ;1.00 ;0.00 ;0.00 ;72.00 ;0.62
21:49:51 ;0.12 ;0.62 ;0.00 ;0.00 ;31.00 ;0.52
21:49:52 ;0.13 ;0.63 ;0.00 ;0.00 ;61.00 ;0.57
21:49:53 ;0.13 ;0.38 ;0.00 ;0.00 ;236.00 ;1.81
21:49:54 ;0.13 ;0.50 ;0.00 ;0.00 ;39.00 ;0.79
21:49:55 ;0.13 ;0.50 ;0.00 ;0.00 ;15.00 ;0.60
21:49:56 ;0.13 ;0.63 ;0.00 ;0.00 ;47.00 ;0.64
21:49:57 ;0.12 ;0.75 ;0.00 ;0.00 ;47.00 ;0.57
21:49:58 ;0.13 ;0.75 ;0.00 ;0.00 ;60.00 ;0.60
21:49:59 ;0.00 ;0.63 ;0.00 ;0.00 ;25.00 ;0.56
21:50:00 ;0.13 ;0.50 ;0.00 ;0.00 ;38.00 ;0.61
21:50:01 ;0.13 ;0.75 ;0.00 ;0.00 ;62.00 ;0.53
21:50:02 ;0.12 ;0.87 ;0.00 ;0.00 ;44.00 ;0.61
21:50:03 ;0.13 ;0.38 ;0.00 ;0.00 ;38.00 ;0.68
21:50:04 ;0.12 ;0.50 ;0.00 ;0.00 ;38.00 ;0.63
21:50:05 ;0.00 ;0.63 ;0.00 ;0.00 ;22.00 ;0.55
21:50:06 ;0.12 ;0.62 ;0.00 ;0.00 ;49.00 ;0.59
21:50:07 ;0.13 ;0.63 ;0.00 ;0.00 ;51.00 ;0.57
21:50:08 ;0.13 ;0.50 ;0.00 ;0.00 ;64.00 ;0.53
21:50:09 ;0.13 ;0.38 ;0.00 ;0.00 ;43.00 ;0.56
21:50:10 ;0.13 ;0.38 ;0.00 ;0.00 ;36.00 ;0.69
21:50:11 ;0.13 ;0.50 ;0.00 ;0.00 ;55.00 ;0.56
21:50:12 ;0.25 ;0.50 ;0.00 ;0.00 ;57.00 ;0.81
21:50:13 ;0.00 ;0.62 ;0.00 ;0.00 ;34.00 ;0.59
21:50:14 ;0.13 ;0.50 ;0.00 ;0.00 ;35.00 ;0.60
21:50:15 ;0.12 ;0.75 ;0.00 ;0.00 ;26.00 ;0.69
21:50:16 ;0.00 ;0.38 ;0.00 ;0.00 ;29.00 ;0.62
21:50:17 ;0.13 ;0.38 ;0.00 ;0.00 ;38.00 ;0.61
21:50:18 ;0.13 ;0.50 ;0.00 ;0.00 ;55.00 ;0.51
21:50:19 ;0.12 ;0.50 ;0.00 ;0.00 ;19.00 ;0.53
21:50:20 ;0.00 ;0.63 ;0.00 ;0.00 ;29.00 ;0.52
21:50:21 ;0.12 ;0.38 ;0.00 ;0.00 ;42.00 ;0.62
21:50:22 ;0.13 ;0.63 ;0.00 ;0.00 ;46.00 ;0.57
21:50:23 ;0.13 ;0.38 ;0.00 ;0.00 ;71.00 ;1.00
21:50:24 ;0.13 ;0.50 ;0.00 ;0.00 ;53.00 ;0.70
21:50:25 ;0.25 ;0.38 ;0.00 ;0.00 ;425.00 ;1.81
21:50:26 ;0.12 ;0.62 ;0.00 ;0.00 ;68.00 ;0.57
21:50:27 ;0.13 ;0.50 ;0.00 ;0.00 ;85.00 ;0.56
21:50:28 ;0.25 ;0.50 ;0.00 ;0.00 ;71.00 ;0.65
21:50:29 ;0.13 ;0.50 ;0.00 ;0.00 ;49.00 ;0.49
21:50:30 ;0.13 ;0.63 ;0.00 ;0.00 ;57.00 ;0.58
21:50:31 ;0.13 ;0.63 ;0.00 ;0.00 ;66.00 ;1.11
21:50:32 ;0.25 ;0.63 ;0.00 ;0.00 ;71.00 ;0.58
21:50:33 ;0.00 ;0.50 ;0.00 ;0.00 ;44.00 ;0.52
21:50:34 ;0.13 ;0.50 ;0.00 ;0.00 ;42.00 ;0.69
21:50:35 ;0.13 ;0.63 ;0.00 ;0.00 ;64.00 ;0.58
21:50:36 ;0.12 ;0.62 ;0.00 ;0.00 ;26.00 ;0.50
21:50:37 ;0.13 ;0.75 ;0.00 ;0.00 ;265.00 ;2.06
21:50:38 ;0.13 ;0.88 ;0.00 ;0.00 ;68.00 ;0.57
21:50:39 ;0.38 ;0.75 ;0.00 ;0.00 ;38.00 ;1.61
21:50:40 ;0.38 ;0.38 ;0.00 ;0.00 ;30.00 ;2.43
21:50:41 ;0.12 ;0.50 ;0.00 ;0.00 ;47.00 ;0.60
21:50:42 ;0.13 ;0.63 ;0.00 ;0.00 ;46.00 ;0.54
21:50:43 ;0.13 ;0.50 ;0.00 ;0.00 ;37.00 ;0.59
21:50:44 ;0.12 ;0.87 ;0.00 ;0.00 ;68.00 ;0.66
21:50:45 ;0.00 ;1.00 ;0.00 ;0.00 ;44.00 ;0.70
21:50:46 ;0.12 ;1.00 ;0.00 ;0.00 ;18.00 ;0.56
21:50:47 ;0.13 ;1.26 ;0.00 ;0.00 ;75.00 ;0.57
21:50:48 ;0.25 ;1.25 ;0.00 ;0.00 ;65.00 ;0.63
21:50:49 ;0.13 ;0.75 ;0.00 ;0.00 ;51.00 ;0.65
21:50:50 ;0.13 ;1.00 ;0.00 ;0.00 ;51.00 ;0.57
21:50:51 ;0.00 ;0.75 ;0.00 ;0.00 ;33.00 ;0.55
21:50:52 ;0.12 ;1.12 ;0.00 ;0.00 ;52.00 ;0.58
21:50:53 ;0.25 ;0.75 ;0.00 ;0.00 ;99.00 ;1.31
21:50:54 ;0.00 ;0.75 ;0.00 ;0.00 ;18.00 ;0.56
21:50:55 ;0.13 ;0.75 ;0.00 ;0.00 ;29.00 ;0.59
21:50:56 ;0.12 ;1.12 ;0.00 ;0.00 ;330.00 ;1.72
21:50:57 ;0.13 ;0.88 ;0.00 ;0.00 ;48.00 ;0.62
21:50:58 ;0.13 ;0.75 ;0.00 ;0.00 ;36.00 ;0.67
21:50:59 ;0.13 ;0.75 ;0.00 ;0.00 ;63.00 ;0.83
21:51:00 ;0.12 ;0.62 ;0.00 ;0.00 ;41.00 ;0.54
21:51:01 ;0.12 ;0.88 ;0.00 ;0.00 ;30.00 ;0.70
21:51:02 ;0.13 ;0.75 ;0.00 ;0.00 ;65.00 ;0.63
21:51:03 ;0.12 ;0.62 ;0.00 ;0.00 ;26.00 ;0.58
21:51:04 ;0.00 ;0.50 ;0.00 ;0.00 ;39.00 ;0.54
21:51:05 ;0.13 ;0.50 ;0.00 ;0.00 ;30.00 ;0.57
21:51:06 ;0.12 ;0.50 ;0.00 ;0.00 ;26.00 ;0.58
21:51:07 ;0.13 ;0.50 ;0.00 ;0.00 ;233.00 ;1.63
21:51:08 ;0.12 ;0.62 ;0.00 ;0.00 ;57.43 ;0.57
21:51:09 ;0.13 ;0.50 ;0.00 ;0.00 ;49.00 ;0.65
21:51:10 ;0.00 ;0.75 ;0.00 ;0.00 ;33.00 ;0.52
21:51:11 ;0.12 ;1.00 ;0.00 ;0.00 ;20.00 ;0.50
21:51:12 ;0.12 ;0.75 ;0.00 ;0.00 ;43.00 ;0.60
21:51:13 ;0.00 ;0.75 ;0.00 ;0.00 ;31.00 ;0.48
21:51:14 ;0.12 ;0.50 ;0.00 ;0.00 ;45.00 ;0.60
21:51:15 ;0.00 ;0.50 ;0.00 ;0.00 ;16.00 ;0.44
21:51:16 ;0.12 ;0.50 ;0.00 ;0.00 ;40.00 ;0.53
21:51:17 ;0.12 ;0.50 ;0.00 ;0.00 ;38.00 ;0.47
21:51:18 ;0.13 ;0.38 ;0.00 ;0.00 ;47.00 ;0.53
21:51:19 ;0.13 ;0.50 ;0.00 ;0.00 ;51.00 ;0.51
21:51:20 ;0.00 ;0.50 ;0.00 ;0.00 ;29.00 ;0.48
21:51:21 ;0.13 ;0.38 ;0.00 ;0.00 ;35.00 ;0.63
21:51:22 ;0.12 ;0.75 ;0.00 ;0.00 ;49.00 ;0.57
21:51:23 ;0.13 ;0.63 ;0.00 ;0.00 ;36.00 ;1.25
21:51:24 ;0.00 ;0.63 ;0.00 ;0.00 ;68.00 ;0.72
21:51:25 ;0.13 ;0.38 ;0.00 ;0.00 ;24.00 ;0.54
21:51:26 ;0.12 ;0.50 ;0.00 ;0.00 ;55.00 ;0.51
21:51:27 ;0.00 ;0.62 ;0.00 ;0.00 ;22.00 ;0.64
21:51:28 ;0.25 ;0.50 ;0.00 ;0.00 ;75.00 ;0.68
21:51:29 ;0.13 ;0.38 ;0.00 ;0.00 ;30.00 ;0.57
21:51:30 ;0.13 ;0.38 ;0.00 ;0.00 ;38.00 ;0.71
21:51:31 ;0.13 ;0.38 ;0.00 ;0.00 ;33.00 ;0.52
21:51:32 ;0.12 ;0.62 ;0.00 ;0.00 ;52.00 ;0.58
21:51:33 ;0.00 ;0.50 ;0.00 ;0.00 ;31.00 ;0.61
21:51:34 ;0.13 ;0.50 ;0.00 ;0.00 ;27.00 ;0.48
21:51:35 ;0.00 ;0.63 ;0.00 ;0.00 ;28.00 ;0.68
21:51:36 ;0.50 ;0.38 ;0.00 ;0.00 ;212.00 ;1.43
21:51:37 ;0.00 ;0.63 ;0.00 ;0.00 ;24.00 ;0.50
21:51:38 ;0.12 ;0.75 ;0.00 ;0.00 ;56.00 ;0.61
21:51:39 ;0.13 ;0.63 ;0.00 ;0.00 ;371.00 ;1.54
21:51:40 ;0.25 ;0.63 ;0.00 ;0.00 ;57.00 ;0.56
21:51:41 ;0.00 ;0.63 ;0.00 ;0.00 ;39.00 ;0.85
21:51:42 ;0.13 ;0.63 ;0.00 ;0.00 ;54.00 ;0.57
21:51:43 ;0.13 ;0.50 ;0.00 ;0.00 ;32.00 ;0.62
21:51:44 ;0.13 ;0.38 ;0.00 ;0.00 ;50.00 ;0.58
21:51:45 ;0.13 ;0.63 ;0.00 ;0.00 ;40.00 ;0.65
21:51:46 ;0.13 ;0.38 ;0.00 ;0.00 ;15.00 ;0.60
21:51:47 ;0.00 ;0.38 ;0.00 ;0.00 ;24.00 ;0.62
21:51:48 ;0.38 ;0.63 ;0.00 ;0.00 ;74.00 ;0.89
21:51:49 ;0.12 ;0.50 ;0.00 ;0.00 ;37.00 ;0.57
21:51:50 ;0.13 ;0.50 ;0.00 ;0.00 ;62.00 ;0.52
21:51:51 ;0.00 ;0.50 ;0.00 ;0.00 ;24.00 ;0.50
21:51:52 ;0.12 ;0.62 ;0.00 ;0.00 ;39.00 ;0.59
21:51:53 ;0.38 ;0.38 ;0.00 ;0.00 ;58.00 ;0.84
21:51:54 ;0.12 ;0.38 ;0.00 ;0.00 ;76.00 ;0.80
21:51:55 ;0.13 ;0.38 ;0.00 ;0.00 ;30.00 ;0.60
21:51:56 ;0.00 ;0.63 ;0.00 ;0.00 ;48.00 ;0.75
21:51:57 ;0.13 ;0.75 ;0.00 ;0.00 ;26.00 ;0.62
21:51:58 ;0.12 ;0.87 ;0.00 ;0.00 ;54.00 ;0.52
21:51:59 ;0.13 ;0.75 ;0.00 ;0.00 ;34.00 ;0.50
21:52:00 ;0.00 ;0.75 ;0.00 ;0.00 ;30.00 ;0.53
21:52:01 ;0.12 ;0.62 ;0.00 ;0.00 ;21.00 ;0.62
21:52:02 ;0.13 ;1.13 ;0.00 ;0.00 ;52.00 ;0.65
21:52:03 ;0.13 ;0.63 ;0.00 ;0.00 ;49.00 ;0.55
21:52:04 ;0.00 ;0.63 ;0.00 ;0.00 ;32.00 ;0.62
21:52:05 ;0.12 ;0.62 ;0.00 ;0.00 ;34.00 ;0.50
21:52:06 ;0.00 ;0.50 ;0.00 ;0.00 ;18.00 ;0.56
21:52:07 ;0.13 ;0.38 ;0.00 ;0.00 ;38.00 ;0.47
21:52:08 ;0.13 ;0.75 ;0.00 ;0.00 ;64.00 ;0.52
21:52:09 ;0.12 ;0.62 ;0.00 ;0.00 ;24.00 ;0.50
21:52:10 ;0.12 ;0.75 ;0.00 ;0.00 ;34.00 ;0.56
21:52:11 ;0.13 ;0.75 ;0.00 ;0.00 ;415.00 ;1.73
21:52:12 ;0.12 ;0.75 ;0.00 ;0.00 ;47.00 ;0.60
21:52:13 ;0.12 ;0.75 ;0.00 ;0.00 ;68.00 ;0.49
21:52:14 ;0.12 ;0.62 ;0.00 ;0.00 ;40.00 ;0.55
21:52:15 ;0.13 ;0.50 ;0.00 ;0.00 ;35.00 ;0.57
21:52:16 ;0.13 ;0.63 ;0.00 ;0.00 ;39.00 ;0.59
21:52:17 ;0.12 ;1.00 ;0.00 ;0.00 ;35.00 ;0.66
21:52:18 ;0.12 ;1.24 ;0.00 ;0.00 ;62.00 ;0.53
21:52:19 ;0.12 ;1.12 ;0.00 ;0.00 ;46.00 ;0.52
21:52:20 ;0.12 ;1.12 ;0.00 ;0.00 ;53.00 ;0.72
21:52:21 ;0.12 ;0.87 ;0.00 ;0.00 ;42.00 ;0.67
21:52:22 ;0.12 ;1.00 ;0.00 ;0.00 ;46.00 ;0.72
21:52:23 ;0.12 ;0.87 ;0.00 ;0.00 ;57.00 ;0.54
21:52:24 ;0.12 ;0.75 ;0.00 ;0.00 ;50.00 ;0.76
21:52:25 ;0.00 ;0.75 ;0.00 ;0.00 ;18.00 ;0.61
21:52:26 ;0.12 ;0.87 ;0.00 ;0.00 ;28.00 ;0.61
21:52:27 ;0.00 ;1.25 ;0.00 ;0.00 ;25.00 ;0.56
21:52:28 ;0.12 ;1.00 ;0.00 ;0.00 ;44.00 ;0.52
21:52:29 ;0.13 ;0.75 ;0.00 ;0.00 ;47.00 ;0.60
21:52:30 ;0.12 ;0.87 ;0.00 ;0.00 ;43.00 ;0.65
21:52:31 ;0.12 ;0.62 ;0.00 ;0.00 ;32.00 ;0.59
21:52:32 ;0.00 ;1.00 ;0.00 ;0.00 ;46.00 ;0.67
21:52:33 ;0.12 ;1.00 ;0.00 ;0.00 ;55.00 ;0.55
21:52:34 ;0.12 ;0.87 ;0.00 ;0.00 ;45.00 ;0.51
21:52:35 ;0.12 ;0.99 ;0.00 ;0.00 ;54.00 ;0.57
21:52:36 ;0.12 ;0.50 ;0.00 ;0.00 ;48.00 ;0.60
21:52:37 ;0.13 ;0.88 ;0.00 ;0.00 ;57.00 ;0.51
21:52:38 ;0.13 ;0.63 ;0.00 ;0.00 ;38.00 ;0.58
21:52:39 ;0.12 ;0.62 ;0.00 ;0.00 ;43.00 ;0.51
21:52:40 ;0.13 ;0.38 ;0.00 ;0.00 ;50.00 ;0.54
21:52:41 ;0.12 ;0.62 ;0.00 ;0.00 ;46.00 ;0.50
21:52:42 ;0.13 ;0.50 ;0.00 ;0.00 ;411.00 ;1.89
21:52:43 ;0.25 ;0.50 ;0.00 ;0.00 ;68.00 ;0.57
21:52:44 ;0.12 ;0.50 ;0.00 ;0.00 ;45.00 ;0.51
21:52:45 ;0.00 ;0.50 ;0.00 ;0.00 ;36.00 ;0.56
21:52:46 ;0.12 ;0.87 ;0.00 ;0.00 ;48.00 ;0.58
21:52:47 ;0.13 ;0.63 ;0.00 ;0.00 ;36.00 ;1.00
21:52:48 ;0.13 ;0.63 ;0.00 ;0.00 ;32.00 ;0.56
21:52:49 ;0.00 ;0.50 ;0.00 ;0.00 ;35.00 ;0.60
21:52:50 ;0.12 ;0.50 ;0.00 ;0.00 ;51.00 ;0.51
21:52:51 ;0.13 ;0.38 ;0.00 ;0.00 ;33.00 ;0.70
21:52:52 ;0.13 ;0.50 ;0.00 ;0.00 ;28.00 ;0.61
21:52:53 ;0.13 ;0.38 ;0.00 ;0.00 ;49.00 ;0.53
21:52:54 ;0.13 ;0.38 ;0.00 ;0.00 ;83.00 ;0.72
21:52:55 ;0.12 ;0.50 ;0.00 ;0.00 ;38.00 ;0.50
21:52:56 ;0.00 ;0.38 ;0.00 ;0.00 ;51.00 ;0.51
21:52:57 ;0.12 ;0.62 ;0.00 ;0.00 ;36.00 ;0.56
21:52:58 ;0.13 ;0.63 ;0.00 ;0.00 ;30.00 ;0.63
21:52:59 ;0.00 ;0.38 ;0.00 ;0.00 ;31.00 ;0.55
21:53:00 ;0.25 ;0.62 ;0.00 ;0.00 ;75.00 ;0.55
21:53:01 ;0.00 ;0.50 ;0.00 ;0.00 ;28.00 ;0.54
21:53:02 ;0.25 ;0.50 ;0.00 ;0.00 ;60.00 ;0.53
21:53:03 ;0.12 ;0.50 ;0.00 ;0.00 ;79.00 ;0.70
21:53:04 ;0.13 ;0.50 ;0.00 ;0.00 ;26.00 ;0.54
21:53:05 ;0.12 ;0.50 ;0.00 ;0.00 ;59.00 ;0.58
21:53:06 ;0.00 ;0.50 ;0.00 ;0.00 ;44.00 ;0.52
21:53:07 ;0.13 ;0.63 ;0.00 ;0.00 ;43.00 ;0.53
21:53:08 ;0.13 ;0.38 ;0.00 ;0.00 ;40.00 ;0.50
21:53:09 ;0.13 ;0.38 ;0.00 ;0.00 ;28.00 ;0.54
21:53:10 ;0.00 ;0.50 ;0.00 ;0.00 ;37.00 ;0.49
21:53:11 ;0.12 ;0.50 ;0.00 ;0.00 ;33.00 ;0.64
21:53:12 ;0.13 ;0.63 ;0.00 ;0.00 ;62.00 ;0.53
21:53:13 ;0.25 ;0.38 ;0.00 ;0.00 ;381.00 ;2.09
21:53:14 ;0.12 ;0.50 ;0.00 ;0.00 ;37.00 ;0.57
21:53:15 ;0.13 ;0.50 ;0.00 ;0.00 ;47.00 ;0.62
21:53:16 ;0.12 ;0.37 ;0.00 ;0.00 ;43.00 ;0.53
21:53:17 ;0.00 ;0.38 ;0.00 ;0.00 ;36.00 ;0.50
21:53:18 ;0.13 ;0.50 ;0.00 ;0.00 ;38.00 ;0.53
21:53:19 ;0.00 ;0.38 ;0.00 ;0.00 ;1.00 ;1.00
21:53:20 ;0.13 ;0.50 ;0.00 ;0.00 ;65.00 ;0.52
21:53:21 ;0.00 ;0.38 ;0.00 ;0.00 ;19.00 ;0.53
21:53:22 ;0.25 ;0.50 ;0.00 ;0.00 ;63.00 ;0.62
21:53:23 ;0.00 ;0.50 ;0.00 ;0.00 ;33.00 ;0.61
21:53:24 ;0.13 ;0.50 ;0.00 ;0.00 ;33.00 ;0.52
21:53:25 ;0.13 ;0.38 ;0.00 ;0.00 ;72.00 ;0.74
21:53:26 ;0.12 ;0.38 ;0.00 ;0.00 ;62.00 ;0.52
21:53:27 ;0.13 ;0.38 ;0.00 ;0.00 ;9.00 ;0.56
21:53:28 ;0.12 ;0.50 ;0.00 ;0.00 ;42.00 ;0.50
21:53:29 ;0.00 ;0.38 ;0.00 ;0.00 ;32.00 ;0.53
21:53:30 ;0.12 ;0.62 ;0.00 ;0.00 ;31.00 ;0.55
21:53:31 ;0.00 ;0.38 ;0.00 ;0.00 ;28.00 ;0.54
21:53:32 ;0.13 ;0.50 ;0.00 ;0.00 ;59.00 ;0.54
21:53:33 ;0.13 ;0.25 ;0.00 ;0.00 ;42.00 ;0.52
21:53:34 ;0.13 ;0.38 ;0.00 ;0.00 ;36.00 ;0.53
21:53:35 ;0.12 ;0.38 ;0.00 ;0.00 ;49.00 ;0.53
21:53:36 ;0.12 ;0.38 ;0.00 ;0.00 ;34.00 ;0.65
21:53:37 ;0.00 ;0.50 ;0.00 ;0.00 ;25.00 ;0.60
21:53:38 ;0.25 ;0.50 ;0.00 ;0.00 ;60.00 ;0.58
21:53:39 ;0.00 ;0.63 ;0.00 ;0.00 ;329.00 ;1.93
21:53:40 ;0.12 ;0.50 ;0.00 ;0.00 ;34.00 ;0.62
21:53:41 ;0.13 ;0.38 ;0.00 ;0.00 ;21.00 ;0.67
21:53:42 ;0.13 ;0.25 ;0.00 ;0.00 ;43.00 ;0.56
21:53:43 ;0.00 ;0.38 ;0.00 ;0.00 ;31.00 ;0.58
21:53:44 ;0.13 ;0.38 ;0.00 ;0.00 ;16.00 ;0.50
21:53:45 ;0.00 ;0.50 ;0.00 ;0.00 ;32.00 ;0.50
21:53:46 ;0.12 ;0.50 ;0.00 ;0.00 ;39.00 ;0.51
21:53:47 ;0.00 ;0.63 ;0.00 ;0.00 ;28.00 ;0.54
21:53:48 ;0.12 ;0.38 ;0.00 ;0.00 ;46.00 ;0.50
21:53:49 ;0.13 ;0.50 ;0.00 ;0.00 ;13.00 ;0.54
21:53:50 ;0.00 ;0.38 ;0.00 ;0.00 ;35.00 ;0.51
21:53:51 ;0.12 ;0.50 ;0.00 ;0.00 ;30.00 ;0.50
21:53:52 ;0.13 ;0.38 ;0.00 ;0.00 ;59.00 ;0.53
21:53:53 ;0.12 ;0.50 ;0.00 ;0.00 ;38.00 ;0.55
21:53:54 ;0.00 ;0.63 ;0.00 ;0.00 ;35.00 ;0.54
21:53:55 ;0.13 ;0.50 ;0.00 ;0.00 ;85.00 ;0.80
21:53:56 ;0.12 ;0.50 ;0.00 ;0.00 ;46.00 ;0.59
21:53:57 ;0.13 ;0.38 ;0.00 ;0.00 ;46.00 ;0.57
21:53:58 ;0.13 ;0.38 ;0.00 ;0.00 ;60.00 ;0.53
21:53:59 ;0.13 ;0.38 ;0.00 ;0.00 ;39.00 ;0.51
21:54:00 ;0.12 ;0.62 ;0.00 ;0.00 ;54.00 ;0.61
21:54:01 ;0.13 ;0.63 ;0.00 ;0.00 ;40.00 ;0.55
21:54:02 ;0.13 ;0.75 ;0.00 ;0.00 ;58.00 ;0.55
21:54:03 ;0.13 ;0.38 ;0.00 ;0.00 ;49.00 ;0.67
21:54:04 ;0.12 ;0.50 ;0.00 ;0.00 ;50.00 ;0.56
21:54:05 ;0.13 ;0.38 ;0.00 ;0.00 ;42.00 ;0.71
21:54:06 ;0.13 ;0.38 ;0.00 ;0.00 ;43.00 ;0.58
21:54:07 ;0.13 ;0.38 ;0.00 ;0.00 ;36.00 ;0.50
21:54:08 ;0.13 ;0.50 ;0.00 ;0.00 ;50.00 ;0.56
21:54:09 ;0.00 ;0.63 ;0.00 ;0.00 ;39.00 ;0.54
21:54:10 ;0.25 ;0.50 ;0.00 ;0.00 ;384.00 ;2.03
21:54:11 ;0.00 ;0.62 ;0.00 ;0.00 ;29.00 ;0.52
21:54:12 ;0.13 ;0.38 ;0.00 ;0.00 ;37.00 ;0.51
21:54:13 ;0.13 ;0.38 ;0.00 ;0.00 ;50.00 ;0.58
21:54:14 ;0.12 ;0.38 ;0.00 ;0.00 ;32.00 ;0.59
21:54:15 ;0.00 ;0.38 ;0.00 ;0.00 ;17.00 ;0.53
21:54:16 ;0.13 ;0.50 ;0.00 ;0.00 ;38.00 ;0.58
21:54:17 ;0.13 ;0.50 ;0.00 ;0.00 ;63.00 ;0.59
21:54:18 ;0.13 ;0.75 ;0.00 ;0.00 ;59.00 ;0.61
21:54:19 ;0.13 ;0.63 ;0.00 ;0.00 ;34.00 ;0.56
21:54:20 ;0.00 ;0.75 ;0.00 ;0.00 ;33.00 ;0.55
21:54:21 ;0.25 ;0.37 ;0.00 ;0.00 ;40.00 ;0.65
21:54:22 ;0.00 ;0.50 ;0.00 ;0.00 ;34.00 ;0.56
21:54:23 ;0.25 ;0.38 ;0.00 ;0.00 ;62.00 ;0.58
21:54:24 ;0.13 ;0.63 ;0.00 ;0.00 ;47.00 ;0.68
21:54:25 ;0.00 ;0.62 ;0.00 ;0.00 ;65.00 ;0.95
21:54:26 ;0.12 ;0.50 ;0.00 ;0.00 ;43.00 ;0.53
21:54:27 ;0.13 ;0.50 ;0.00 ;0.00 ;47.00 ;0.55
21:54:28 ;0.13 ;0.50 ;0.00 ;0.00 ;42.00 ;0.57
21:54:29 ;0.13 ;0.38 ;0.00 ;0.00 ;38.00 ;0.58
21:54:30 ;0.00 ;0.50 ;0.00 ;0.00 ;35.00 ;0.51
21:54:31 ;0.12 ;0.62 ;0.00 ;0.00 ;31.00 ;0.61
21:54:32 ;0.12 ;0.62 ;0.00 ;0.00 ;46.00 ;0.57
21:54:33 ;0.13 ;0.50 ;0.00 ;0.00 ;50.00 ;0.70
21:54:34 ;0.12 ;0.62 ;0.00 ;0.00 ;24.00 ;0.58
21:54:35 ;0.00 ;0.75 ;0.00 ;0.00 ;28.00 ;0.50
21:54:36 ;0.12 ;0.50 ;0.00 ;0.00 ;39.00 ;0.54
21:54:37 ;0.13 ;0.38 ;0.00 ;0.00 ;35.00 ;0.51
21:54:38 ;0.00 ;0.50 ;0.00 ;0.00 ;36.00 ;0.53
21:54:39 ;0.13 ;0.38 ;0.00 ;0.00 ;19.00 ;0.53
21:54:40 ;0.00 ;0.50 ;0.00 ;0.00 ;33.00 ;0.58
21:54:41 ;0.13 ;0.50 ;0.00 ;0.00 ;47.00 ;1.00
21:54:42 ;0.25 ;0.63 ;0.00 ;0.00 ;408.00 ;1.86
21:54:43 ;0.13 ;0.50 ;0.00 ;0.00 ;47.00 ;0.66
21:54:44 ;0.12 ;0.62 ;0.00 ;0.00 ;45.00 ;0.53
21:54:45 ;0.13 ;0.25 ;0.00 ;0.00 ;26.00 ;0.50
21:54:46 ;0.13 ;0.38 ;0.00 ;0.00 ;60.00 ;0.53
21:54:47 ;0.13 ;0.50 ;0.00 ;0.00 ;61.00 ;0.57
21:54:48 ;0.13 ;0.50 ;0.00 ;0.00 ;46.00 ;0.59
21:54:49 ;0.00 ;0.50 ;0.00 ;0.00 ;25.00 ;0.60
21:54:50 ;0.25 ;0.62 ;0.00 ;0.00 ;67.00 ;0.57
21:54:51 ;0.00 ;0.50 ;0.00 ;0.00 ;24.00 ;0.54
21:54:52 ;0.25 ;0.38 ;0.00 ;0.00 ;69.00 ;0.58
21:54:53 ;0.13 ;0.50 ;0.00 ;0.00 ;43.00 ;0.56
21:54:54 ;0.13 ;0.38 ;0.00 ;0.00 ;55.00 ;0.55
21:54:55 ;0.00 ;0.38 ;0.00 ;0.00 ;61.00 ;0.97
21:54:56 ;0.12 ;0.50 ;0.00 ;0.00 ;58.00 ;0.52
21:54:57 ;0.12 ;0.62 ;0.00 ;0.00 ;41.00 ;0.61
21:54:58 ;0.13 ;0.38 ;0.00 ;0.00 ;273.00 ;1.67
21:54:59 ;0.13 ;0.63 ;0.00 ;0.00 ;40.00 ;0.75
21:55:00 ;0.13 ;0.63 ;0.00 ;0.00 ;45.00 ;0.53
21:55:01 ;0.00 ;0.50 ;0.00 ;0.00 ;10.00 ;0.60
21:55:02 ;0.13 ;0.50 ;0.00 ;0.00 ;24.00 ;0.50
21:55:03 ;0.13 ;0.50 ;0.00 ;0.00 ;58.00 ;0.67
21:55:04 ;0.13 ;0.50 ;0.00 ;0.00 ;46.00 ;0.76
21:55:05 ;0.13 ;0.63 ;0.00 ;0.00 ;36.00 ;0.56
21:55:06 ;0.13 ;0.38 ;0.00 ;0.00 ;53.00 ;0.53
21:55:07 ;0.13 ;0.75 ;0.00 ;0.00 ;58.00 ;0.62
21:55:08 ;0.13 ;0.63 ;0.00 ;0.00 ;244.00 ;1.50
21:55:09 ;0.12 ;0.50 ;0.00 ;0.00 ;33.00 ;0.67
21:55:10 ;0.12 ;0.50 ;0.00 ;0.00 ;62.00 ;0.52
21:55:11 ;0.12 ;0.62 ;0.00 ;0.00 ;13.00 ;0.54
21:55:12 ;0.12 ;0.50 ;0.00 ;0.00 ;53.00 ;0.81
21:55:13 ;0.13 ;0.50 ;0.00 ;0.00 ;64.00 ;0.62
21:55:14 ;0.13 ;0.50 ;0.00 ;0.00 ;49.00 ;0.53
21:55:15 ;0.12 ;0.62 ;0.00 ;0.00 ;65.00 ;0.54
21:55:16 ;0.12 ;0.50 ;0.00 ;0.00 ;65.00 ;0.54
21:55:17 ;0.25 ;0.38 ;0.00 ;0.00 ;63.00 ;0.56
21:55:18 ;0.13 ;0.50 ;0.00 ;0.00 ;77.00 ;0.68
21:55:19 ;0.13 ;0.38 ;0.00 ;0.00 ;215.00 ;1.31
21:55:20 ;0.12 ;0.75 ;0.00 ;0.00 ;69.00 ;0.55
21:55:21 ;0.12 ;0.62 ;0.00 ;0.00 ;24.00 ;0.50
21:55:22 ;0.13 ;0.50 ;0.00 ;0.00 ;72.00 ;0.57
21:55:23 ;0.13 ;0.50 ;0.00 ;0.00 ;41.00 ;0.51
21:55:24 ;0.12 ;0.50 ;0.00 ;0.00 ;50.00 ;0.52
21:55:25 ;0.00 ;0.50 ;0.00 ;0.00 ;60.00 ;0.93
21:55:26 ;0.25 ;0.38 ;0.00 ;0.00 ;96.00 ;0.57
21:55:27 ;0.25 ;0.50 ;0.00 ;0.00 ;74.00 ;0.57
21:55:28 ;0.00 ;0.50 ;0.00 ;0.00 ;46.00 ;0.54
21:55:29 ;0.13 ;0.50 ;0.00 ;0.00 ;31.00 ;0.58
21:55:30 ;0.12 ;0.75 ;0.00 ;0.00 ;207.00 ;1.54
21:55:31 ;0.12 ;0.75 ;0.00 ;0.00 ;15.00 ;0.60
21:55:32 ;0.00 ;0.63 ;0.00 ;0.00 ;45.00 ;0.56
21:55:33 ;0.13 ;0.38 ;0.00 ;0.00 ;39.00 ;0.51
21:55:34 ;0.12 ;0.37 ;0.00 ;0.00 ;22.00 ;0.50
21:55:35 ;0.13 ;0.50 ;0.00 ;0.00 ;47.00 ;0.60
21:55:36 ;0.12 ;0.38 ;0.00 ;0.00 ;53.00 ;0.55
21:55:37 ;0.13 ;0.75 ;0.00 ;0.00 ;196.00 ;1.87
21:55:38 ;0.13 ;0.63 ;0.00 ;0.00 ;45.00 ;0.56
21:55:39 ;0.13 ;0.50 ;0.00 ;0.00 ;56.00 ;0.57
21:55:40 ;0.00 ;0.50 ;0.00 ;0.00 ;21.00 ;0.67
21:55:41 ;0.12 ;0.50 ;0.00 ;0.00 ;51.00 ;0.59
21:55:42 ;0.25 ;0.50 ;0.00 ;0.00 ;62.00 ;0.60
21:55:43 ;0.13 ;0.50 ;0.00 ;0.00 ;64.00 ;0.80
21:55:44 ;0.13 ;0.38 ;0.00 ;0.00 ;51.00 ;0.57
21:55:45 ;0.12 ;0.50 ;0.00 ;0.00 ;62.00 ;0.55
21:55:46 ;0.12 ;0.38 ;0.00 ;0.00 ;233.00 ;1.61
21:55:47 ;0.13 ;0.63 ;0.00 ;0.00 ;32.00 ;0.53
21:55:48 ;0.25 ;0.38 ;0.00 ;0.00 ;72.00 ;0.58
21:55:49 ;0.00 ;0.38 ;0.00 ;0.00 ;17.00 ;0.53
21:55:50 ;0.12 ;0.50 ;0.00 ;0.00 ;39.00 ;0.62
21:55:51 ;0.00 ;0.38 ;0.00 ;0.00 ;20.00 ;0.60
21:55:52 ;0.12 ;0.50 ;0.00 ;0.00 ;21.00 ;0.52
21:55:53 ;0.13 ;0.50 ;0.00 ;0.00 ;47.00 ;0.60
21:55:54 ;0.00 ;0.50 ;0.00 ;0.00 ;22.00 ;0.50
21:55:55 ;0.12 ;0.75 ;0.00 ;0.00 ;59.00 ;0.49
21:55:56 ;0.12 ;0.38 ;0.00 ;0.00 ;62.00 ;0.85
21:55:57 ;0.13 ;0.50 ;0.00 ;0.00 ;45.00 ;0.53
21:55:58 ;0.13 ;0.50 ;0.00 ;0.00 ;254.00 ;1.52
21:55:59 ;0.00 ;0.38 ;0.00 ;0.00 ;19.00 ;0.53
21:56:00 ;0.13 ;0.63 ;0.00 ;0.00 ;40.00 ;0.55
21:56:01 ;0.13 ;0.75 ;0.00 ;0.00 ;42.00 ;0.57
21:56:02 ;0.12 ;0.62 ;0.00 ;0.00 ;39.00 ;0.59
21:56:03 ;0.12 ;0.50 ;0.00 ;0.00 ;46.00 ;0.52
21:56:04 ;0.13 ;0.38 ;0.00 ;0.00 ;32.00 ;0.59
21:56:05 ;0.13 ;0.50 ;0.00 ;0.00 ;63.00 ;0.56
21:56:06 ;0.00 ;0.38 ;0.00 ;0.00 ;16.00 ;0.69
21:56:07 ;0.25 ;0.38 ;0.00 ;0.00 ;59.00 ;0.56
21:56:08 ;0.13 ;0.50 ;0.00 ;0.00 ;62.00 ;0.63
21:56:09 ;0.13 ;0.50 ;0.00 ;0.00 ;56.00 ;0.59
21:56:10 ;0.13 ;0.25 ;0.00 ;0.00 ;55.00 ;0.51
21:56:11 ;0.13 ;0.38 ;0.00 ;0.00 ;48.00 ;1.08
21:56:12 ;0.13 ;0.63 ;0.00 ;0.00 ;66.00 ;0.56
21:56:13 ;0.13 ;0.50 ;0.00 ;0.00 ;73.00 ;0.67
21:56:14 ;0.13 ;0.50 ;0.00 ;0.00 ;59.00 ;0.54
21:56:15 ;0.13 ;0.63 ;0.00 ;0.00 ;42.00 ;0.52
21:56:16 ;0.12 ;0.62 ;0.00 ;0.00 ;33.00 ;0.48
21:56:17 ;0.13 ;0.63 ;0.00 ;0.00 ;44.00 ;0.55
21:56:18 ;0.12 ;0.75 ;0.00 ;0.00 ;41.00 ;0.51
21:56:19 ;0.00 ;0.50 ;0.00 ;0.00 ;33.00 ;0.55
21:56:20 ;0.13 ;0.63 ;0.00 ;0.00 ;42.00 ;0.64
21:56:21 ;0.00 ;0.38 ;0.00 ;0.00 ;24.00 ;0.79
21:56:22 ;0.25 ;0.62 ;0.00 ;0.00 ;47.00 ;1.04
21:56:23 ;0.13 ;0.63 ;0.00 ;0.00 ;42.57 ;1.02
21:56:24 ;0.13 ;0.50 ;0.00 ;0.00 ;32.00 ;0.53
21:56:25 ;0.12 ;0.62 ;0.00 ;0.00 ;28.00 ;0.54
21:56:26 ;0.00 ;0.63 ;0.00 ;0.00 ;72.00 ;0.92
21:56:27 ;0.25 ;0.75 ;0.00 ;0.00 ;51.00 ;0.59
21:56:28 ;0.13 ;0.50 ;0.00 ;0.00 ;63.00 ;0.56
21:56:29 ;0.13 ;0.50 ;0.00 ;0.00 ;388.00 ;1.88
21:56:30 ;0.12 ;0.50 ;0.00 ;0.00 ;28.00 ;0.61
21:56:31 ;0.00 ;0.38 ;0.00 ;0.00 ;35.00 ;0.60
21:56:32 ;0.12 ;0.62 ;0.00 ;0.00 ;37.00 ;0.57
21:56:33 ;0.13 ;0.38 ;0.00 ;0.00 ;55.00 ;0.58
21:56:34 ;0.13 ;0.50 ;0.00 ;0.00 ;50.00 ;0.90
21:56:35 ;0.12 ;0.62 ;0.00 ;0.00 ;34.00 ;0.59
21:56:36 ;0.38 ;0.38 ;0.00 ;0.00 ;239.00 ;1.00
21:56:37 ;0.13 ;0.38 ;0.00 ;0.00 ;26.00 ;0.62
21:56:38 ;0.25 ;0.50 ;0.00 ;0.00 ;64.00 ;0.62
21:56:39 ;0.13 ;0.50 ;0.00 ;0.00 ;50.00 ;0.66
21:56:40 ;0.13 ;0.50 ;0.00 ;0.00 ;265.00 ;1.83
21:56:41 ;0.00 ;0.62 ;0.00 ;0.00 ;10.00 ;0.50
21:56:42 ;0.13 ;0.50 ;0.00 ;0.00 ;40.00 ;0.78
21:56:43 ;0.12 ;0.50 ;0.00 ;0.00 ;37.00 ;0.54
21:56:44 ;0.12 ;0.50 ;0.00 ;0.00 ;52.00 ;0.88
21:56:45 ;0.00 ;0.50 ;0.00 ;0.00 ;27.00 ;0.56
21:56:46 ;0.12 ;0.50 ;0.00 ;0.00 ;52.00 ;0.48
21:56:47 ;0.00 ;0.38 ;0.00 ;0.00 ;17.00 ;0.47
21:56:48 ;0.25 ;0.50 ;0.00 ;0.00 ;82.00 ;0.55
21:56:49 ;0.12 ;0.50 ;0.00 ;0.00 ;51.00 ;0.53
21:56:50 ;0.12 ;0.50 ;0.00 ;0.00 ;39.00 ;0.51
21:56:51 ;0.00 ;0.38 ;0.00 ;0.00 ;14.00 ;0.71
21:56:52 ;0.12 ;0.50 ;0.00 ;0.00 ;37.00 ;0.51
21:56:53 ;0.00 ;0.38 ;0.00 ;0.00 ;35.00 ;0.57
21:56:54 ;0.12 ;0.37 ;0.00 ;0.00 ;60.00 ;0.57
21:56:55 ;0.25 ;0.38 ;0.00 ;0.00 ;281.00 ;1.80
21:56:56 ;0.00 ;0.50 ;0.00 ;0.00 ;58.00 ;0.90
21:56:57 ;0.12 ;0.62 ;0.00 ;0.00 ;59.00 ;0.56
21:56:58 ;0.13 ;0.50 ;0.00 ;0.00 ;37.00 ;0.54
21:56:59 ;0.13 ;0.38 ;0.00 ;0.00 ;64.00 ;0.53
21:57:00 ;0.25 ;0.62 ;0.00 ;0.00 ;67.00 ;0.70
21:57:01 ;0.00 ;0.62 ;0.00 ;0.00 ;32.00 ;0.59
21:57:02 ;0.13 ;0.50 ;0.00 ;0.00 ;53.00 ;0.75
21:57:03 ;0.12 ;0.38 ;0.00 ;0.00 ;30.00 ;0.67
21:57:04 ;0.13 ;0.50 ;0.00 ;0.00 ;69.00 ;0.51
21:57:05 ;0.12 ;0.50 ;0.00 ;0.00 ;29.00 ;0.55
21:57:06 ;0.12 ;0.50 ;0.00 ;0.00 ;65.00 ;0.54
21:57:07 ;0.13 ;0.50 ;0.00 ;0.00 ;55.00 ;0.56
21:57:08 ;0.25 ;0.50 ;0.00 ;0.00 ;44.00 ;0.66
21:57:09 ;0.00 ;0.50 ;0.00 ;0.00 ;37.00 ;0.54
21:57:10 ;0.13 ;0.50 ;0.00 ;0.00 ;45.00 ;0.60
21:57:11 ;0.00 ;0.62 ;0.00 ;0.00 ;31.00 ;0.55
21:57:12 ;0.13 ;0.50 ;0.00 ;0.00 ;45.00 ;0.60
21:57:13 ;0.13 ;0.50 ;0.00 ;0.00 ;42.00 ;0.60
21:57:14 ;0.12 ;0.50 ;0.00 ;0.00 ;53.00 ;0.58
21:57:15 ;0.12 ;0.50 ;0.00 ;0.00 ;45.00 ;0.71
21:57:16 ;0.13 ;0.50 ;0.00 ;0.00 ;323.00 ;1.65
21:57:17 ;0.13 ;0.38 ;0.00 ;0.00 ;39.00 ;0.51
21:57:18 ;0.13 ;0.38 ;0.00 ;0.00 ;44.00 ;0.57
21:57:19 ;0.13 ;0.50 ;0.00 ;0.00 ;41.00 ;0.51
21:57:20 ;0.12 ;0.50 ;0.00 ;0.00 ;61.00 ;0.56
21:57:21 ;0.13 ;0.38 ;0.00 ;0.00 ;39.00 ;0.59
21:57:22 ;0.12 ;0.50 ;0.00 ;0.00 ;48.00 ;0.62
21:57:23 ;0.13 ;0.63 ;0.00 ;0.00 ;56.00 ;0.59
21:57:24 ;0.00 ;0.50 ;0.00 ;0.00 ;27.00 ;0.59
21:57:25 ;0.12 ;0.37 ;0.00 ;0.00 ;42.00 ;0.57
21:57:26 ;0.12 ;0.37 ;0.00 ;0.00 ;98.00 ;0.77
21:57:27 ;0.13 ;0.38 ;0.00 ;0.00 ;56.00 ;0.52
21:57:28 ;0.13 ;0.50 ;0.00 ;0.00 ;45.00 ;0.60
21:57:29 ;0.12 ;0.50 ;0.00 ;0.00 ;39.00 ;0.51
21:57:30 ;0.25 ;0.50 ;0.00 ;0.00 ;56.00 ;0.59
21:57:31 ;0.00 ;0.38 ;0.00 ;0.00 ;25.00 ;0.48
21:57:32 ;0.12 ;0.62 ;0.00 ;0.00 ;274.00 ;1.69
21:57:33 ;0.13 ;0.38 ;0.00 ;0.00 ;57.00 ;0.51
21:57:34 ;0.13 ;0.25 ;0.00 ;0.00 ;40.00 ;0.97
21:57:35 ;0.00 ;0.50 ;0.00 ;0.00 ;43.00 ;0.53
21:57:36 ;0.12 ;0.38 ;0.00 ;0.00 ;39.00 ;0.54
21:57:37 ;0.13 ;0.50 ;0.00 ;0.00 ;56.00 ;0.61
21:57:38 ;0.12 ;0.50 ;0.00 ;0.00 ;17.00 ;0.53
21:57:39 ;0.00 ;0.38 ;0.00 ;0.00 ;49.00 ;0.51
21:57:40 ;0.25 ;0.62 ;0.00 ;0.00 ;59.00 ;0.54
21:57:41 ;0.00 ;0.63 ;0.00 ;0.00 ;27.00 ;0.67
21:57:42 ;0.13 ;0.38 ;0.00 ;0.00 ;45.00 ;1.18
21:57:43 ;0.13 ;0.38 ;0.00 ;0.00 ;39.00 ;0.64
21:57:44 ;0.12 ;0.50 ;0.00 ;0.00 ;254.00 ;1.15
21:57:45 ;0.12 ;0.50 ;0.00 ;0.00 ;43.00 ;0.51
21:57:46 ;0.13 ;0.50 ;0.00 ;0.00 ;67.00 ;0.70
21:57:47 ;0.12 ;0.50 ;0.00 ;0.00 ;55.00 ;0.56
21:57:48 ;0.12 ;0.50 ;0.00 ;0.00 ;50.00 ;0.50
21:57:49 ;0.13 ;0.38 ;0.00 ;0.00 ;56.00 ;0.59
21:57:50 ;0.13 ;0.38 ;0.00 ;0.00 ;37.00 ;0.59
21:57:51 ;0.12 ;0.38 ;0.00 ;0.00 ;30.00 ;0.57
21:57:52 ;0.12 ;0.50 ;0.00 ;0.00 ;53.00 ;0.55
21:57:53 ;0.00 ;0.63 ;0.00 ;0.00 ;30.00 ;0.50
21:57:54 ;0.25 ;0.38 ;0.00 ;0.00 ;247.00 ;1.62
21:57:55 ;0.00 ;0.63 ;0.00 ;0.00 ;37.00 ;0.54
21:57:56 ;0.25 ;0.38 ;0.00 ;0.00 ;86.00 ;0.69
21:57:57 ;0.13 ;0.50 ;0.00 ;0.00 ;74.00 ;0.59
21:57:58 ;0.12 ;0.50 ;0.00 ;0.00 ;45.00 ;0.53
21:57:59 ;0.13 ;0.25 ;0.00 ;0.00 ;15.00 ;0.53
21:58:00 ;0.00 ;0.62 ;0.00 ;0.00 ;40.00 ;0.53
21:58:01 ;0.13 ;0.63 ;0.00 ;0.00 ;31.00 ;0.61
21:58:02 ;0.12 ;0.87 ;0.00 ;0.00 ;58.00 ;0.53
21:58:03 ;0.25 ;0.62 ;0.00 ;0.00 ;62.00 ;0.61
21:58:04 ;0.00 ;0.50 ;0.00 ;0.00 ;17.00 ;0.59
21:58:05 ;0.00 ;0.38 ;0.00 ;0.00 ;22.00 ;0.55
21:58:06 ;0.13 ;0.38 ;0.00 ;0.00 ;46.00 ;0.50
21:58:07 ;0.13 ;0.50 ;0.00 ;0.00 ;28.00 ;0.54
21:58:08 ;0.13 ;0.50 ;0.00 ;0.00 ;60.00 ;0.52
21:58:09 ;0.13 ;0.63 ;0.00 ;0.00 ;16.00 ;1.06
21:58:10 ;0.00 ;0.62 ;0.00 ;0.00 ;30.00 ;0.53
21:58:11 ;0.12 ;0.50 ;0.00 ;0.00 ;34.00 ;0.56
21:58:12 ;0.13 ;0.63 ;0.00 ;0.00 ;55.00 ;0.55
21:58:13 ;0.13 ;0.50 ;0.00 ;0.00 ;23.00 ;0.52
21:58:14 ;0.00 ;0.38 ;0.00 ;0.00 ;28.00 ;0.50
21:58:15 ;0.12 ;0.50 ;0.00 ;0.00 ;49.00 ;0.53
21:58:16 ;0.13 ;0.50 ;0.00 ;0.00 ;25.00 ;0.52
21:58:17 ;0.13 ;0.75 ;0.00 ;0.00 ;41.00 ;0.80
21:58:18 ;0.13 ;0.38 ;0.00 ;0.00 ;56.00 ;0.59
21:58:19 ;0.00 ;0.75 ;0.00 ;0.00 ;28.00 ;0.57
21:58:20 ;0.12 ;0.38 ;0.00 ;0.00 ;44.00 ;0.52
21:58:21 ;0.13 ;0.50 ;0.00 ;0.00 ;41.00 ;0.51
21:58:22 ;0.13 ;0.50 ;0.00 ;0.00 ;63.00 ;0.52
21:58:23 ;0.13 ;0.50 ;0.00 ;0.00 ;32.00 ;0.59
21:58:24 ;0.12 ;0.62 ;0.00 ;0.00 ;46.00 ;0.67
21:58:25 ;0.13 ;0.50 ;0.00 ;0.00 ;35.00 ;0.54
21:58:26 ;0.13 ;0.63 ;0.00 ;0.00 ;367.00 ;1.79
21:58:27 ;0.13 ;0.63 ;0.00 ;0.00 ;73.00 ;0.70
21:58:28 ;0.13 ;0.50 ;0.00 ;0.00 ;41.00 ;0.68
21:58:29 ;0.13 ;0.38 ;0.00 ;0.00 ;33.00 ;0.79
21:58:30 ;0.00 ;0.50 ;0.00 ;0.00 ;23.00 ;0.52
21:58:31 ;0.13 ;0.38 ;0.00 ;0.00 ;42.00 ;0.50
21:58:32 ;0.12 ;0.62 ;0.00 ;0.00 ;59.00 ;0.53
21:58:33 ;0.12 ;0.62 ;0.00 ;0.00 ;33.00 ;0.52
21:58:34 ;0.12 ;0.50 ;0.00 ;0.00 ;29.00 ;0.55
21:58:35 ;0.00 ;0.63 ;0.00 ;0.00 ;30.00 ;0.53
21:58:36 ;0.12 ;0.50 ;0.00 ;0.00 ;22.00 ;0.50
21:58:37 ;0.13 ;0.38 ;0.00 ;0.00 ;296.00 ;1.64
21:58:38 ;0.13 ;0.50 ;0.00 ;0.00 ;44.00 ;0.64
21:58:39 ;0.13 ;0.50 ;0.00 ;0.00 ;44.00 ;0.52
21:58:40 ;0.12 ;0.88 ;0.00 ;0.00 ;39.00 ;0.51
21:58:41 ;0.12 ;0.75 ;0.00 ;0.00 ;60.00 ;0.53
21:58:42 ;0.12 ;0.62 ;0.00 ;0.00 ;41.00 ;0.51
21:58:43 ;0.00 ;0.62 ;0.00 ;0.00 ;177.00 ;1.12
21:58:44 ;0.12 ;0.50 ;0.00 ;0.00 ;54.00 ;0.56
21:58:45 ;0.12 ;0.50 ;0.00 ;0.00 ;28.00 ;0.46
21:58:46 ;0.13 ;0.38 ;0.00 ;0.00 ;46.00 ;0.57
21:58:47 ;0.13 ;0.38 ;0.00 ;0.00 ;45.00 ;0.58
21:58:48 ;0.13 ;0.38 ;0.00 ;0.00 ;69.00 ;0.67
21:58:49 ;0.12 ;0.38 ;0.00 ;0.00 ;183.00 ;1.45
21:58:50 ;0.13 ;0.50 ;0.00 ;0.00 ;32.00 ;0.50
21:58:51 ;0.00 ;0.38 ;0.00 ;0.00 ;28.00 ;0.50
21:58:52 ;0.12 ;0.50 ;0.00 ;0.00 ;40.00 ;0.60
21:58:53 ;0.13 ;0.25 ;0.00 ;0.00 ;22.00 ;0.50
21:58:54 ;0.13 ;0.50 ;0.00 ;0.00 ;34.00 ;0.74
21:58:55 ;0.00 ;0.38 ;0.00 ;0.00 ;14.00 ;0.57
21:58:56 ;0.13 ;0.38 ;0.00 ;0.00 ;53.00 ;0.57
21:58:57 ;0.00 ;0.50 ;0.00 ;0.00 ;55.00 ;0.67
21:58:58 ;0.12 ;0.62 ;0.00 ;0.00 ;43.00 ;0.58
21:58:59 ;0.12 ;0.50 ;0.00 ;0.00 ;36.00 ;0.64
21:59:00 ;0.25 ;0.75 ;0.00 ;0.00 ;219.00 ;1.72
21:59:01 ;0.00 ;0.75 ;0.00 ;0.00 ;27.00 ;0.44
21:59:02 ;0.12 ;0.75 ;0.00 ;0.00 ;44.00 ;0.57
21:59:03 ;0.13 ;0.50 ;0.00 ;0.00 ;49.00 ;0.59
21:59:04 ;0.12 ;0.50 ;0.00 ;0.00 ;39.00 ;0.51
21:59:05 ;0.00 ;0.50 ;0.00 ;0.00 ;8.00 ;0.50
21:59:06 ;0.12 ;0.37 ;0.00 ;0.00 ;44.00 ;0.52
21:59:07 ;0.13 ;0.50 ;0.00 ;0.00 ;53.00 ;0.53
21:59:08 ;0.12 ;0.50 ;0.00 ;0.00 ;34.00 ;0.59
21:59:09 ;0.37 ;0.62 ;0.00 ;0.00 ;43.00 ;2.21
21:59:10 ;0.25 ;0.75 ;0.00 ;0.00 ;60.00 ;0.70
21:59:11 ;0.00 ;0.62 ;0.00 ;0.00 ;35.00 ;0.49
21:59:12 ;0.25 ;0.50 ;0.00 ;0.00 ;58.00 ;0.48
21:59:13 ;0.00 ;0.50 ;0.00 ;0.00 ;38.00 ;0.58
21:59:14 ;0.13 ;0.38 ;0.00 ;0.00 ;44.00 ;0.52
21:59:15 ;0.13 ;0.50 ;0.00 ;0.00 ;42.00 ;0.52
21:59:16 ;0.12 ;0.62 ;0.00 ;0.00 ;39.00 ;0.51
21:59:17 ;0.13 ;0.50 ;0.00 ;0.00 ;291.00 ;1.65
21:59:18 ;0.12 ;0.62 ;0.00 ;0.00 ;48.00 ;0.65
21:59:19 ;0.00 ;0.50 ;0.00 ;0.00 ;22.00 ;0.59
21:59:20 ;0.12 ;0.50 ;0.00 ;0.00 ;30.00 ;0.77
21:59:21 ;0.13 ;0.50 ;0.00 ;0.00 ;57.00 ;0.56
21:59:22 ;0.13 ;0.50 ;0.00 ;0.00 ;41.00 ;0.56
21:59:23 ;0.00 ;0.38 ;0.00 ;0.00 ;27.00 ;0.52
21:59:24 ;0.13 ;0.50 ;0.00 ;0.00 ;41.00 ;0.51
21:59:25 ;0.00 ;0.62 ;0.00 ;0.00 ;16.00 ;0.50
21:59:26 ;0.12 ;0.50 ;0.00 ;0.00 ;46.00 ;0.57
21:59:27 ;0.13 ;0.50 ;0.00 ;0.00 ;62.00 ;1.06
21:59:28 ;0.12 ;0.50 ;0.00 ;0.00 ;250.00 ;1.63
21:59:29 ;0.13 ;0.38 ;0.00 ;0.00 ;26.00 ;0.58
21:59:30 ;0.13 ;0.38 ;0.00 ;0.00 ;60.00 ;0.50
21:59:31 ;0.00 ;0.38 ;0.00 ;0.00 ;24.00 ;0.50
21:59:32 ;0.12 ;0.75 ;0.00 ;0.00 ;53.00 ;0.57
21:59:33 ;0.25 ;0.62 ;0.00 ;0.00 ;59.00 ;0.53
21:59:34 ;0.00 ;0.50 ;0.00 ;0.00 ;9.00 ;0.56
21:59:35 ;0.00 ;0.50 ;0.00 ;0.00 ;21.00 ;0.52
21:59:36 ;0.25 ;0.38 ;0.00 ;0.00 ;60.00 ;0.67
21:59:37 ;0.13 ;0.50 ;0.00 ;0.00 ;54.00 ;0.61
21:59:38 ;0.13 ;0.38 ;0.00 ;0.00 ;274.00 ;1.63
21:59:39 ;0.13 ;0.50 ;0.00 ;0.00 ;56.00 ;0.59
21:59:40 ;0.12 ;0.50 ;0.00 ;0.00 ;52.00 ;0.52
21:59:41 ;0.13 ;0.50 ;0.00 ;0.00 ;38.00 ;0.63
21:59:42 ;0.12 ;0.62 ;0.00 ;0.00 ;65.00 ;0.49
21:59:43 ;0.13 ;0.63 ;0.00 ;0.00 ;29.00 ;0.48
21:59:44 ;0.25 ;0.50 ;0.00 ;0.00 ;35.00 ;1.31
21:59:45 ;0.13 ;0.25 ;0.00 ;0.00 ;33.00 ;1.12
21:59:46 ;0.25 ;0.38 ;0.00 ;0.00 ;47.00 ;0.74
21:59:47 ;0.00 ;0.38 ;0.00 ;0.00 ;39.00 ;0.56
21:59:48 ;0.12 ;0.50 ;0.00 ;0.00 ;52.00 ;0.56
21:59:49 ;0.13 ;0.50 ;0.00 ;0.00 ;31.00 ;0.52
21:59:50 ;0.13 ;0.63 ;0.00 ;0.00 ;265.00 ;1.71
21:59:51 ;0.13 ;0.50 ;0.00 ;0.00 ;28.00 ;1.32
21:59:52 ;0.25 ;0.50 ;0.00 ;0.00 ;49.00 ;0.73
21:59:53 ;0.13 ;0.50 ;0.00 ;0.00 ;42.00 ;0.52
21:59:54 ;0.00 ;0.38 ;0.00 ;0.00 ;28.00 ;0.57
21:59:55 ;0.13 ;0.50 ;0.00 ;0.00 ;44.00 ;0.52
21:59:56 ;0.13 ;0.38 ;0.00 ;0.00 ;47.00 ;0.60
21:59:57 ;0.00 ;0.50 ;0.00 ;0.00 ;63.00 ;0.97
21:59:58 ;0.13 ;0.63 ;0.00 ;0.00 ;48.00 ;0.54
21:59:59 ;0.13 ;0.38 ;0.00 ;0.00 ;45.00 ;0.49
22:00:00 ;0.25 ;0.63 ;0.00 ;0.00 ;256.00 ;1.59
22:00:01 ;0.25 ;0.75 ;0.00 ;0.00 ;91.00 ;0.76
22:00:02 ;0.25 ;0.87 ;0.00 ;0.00 ;77.00 ;0.62
22:00:03 ;0.38 ;0.50 ;0.00 ;0.00 ;116.00 ;0.70
22:00:04 ;0.13 ;0.50 ;0.00 ;0.00 ;46.00 ;0.61
22:00:05 ;0.13 ;0.63 ;0.00 ;0.00 ;47.00 ;0.62
22:00:06 ;0.25 ;0.63 ;0.00 ;0.00 ;81.00 ;0.73
22:00:07 ;0.13 ;0.38 ;0.00 ;0.00 ;74.00 ;0.61
22:00:08 ;0.13 ;0.25 ;0.00 ;0.00 ;69.00 ;0.68
22:00:09 ;0.13 ;0.50 ;0.00 ;0.00 ;53.00 ;0.57
22:00:10 ;0.13 ;0.50 ;0.00 ;0.00 ;40.00 ;0.62
22:00:11 ;0.25 ;0.63 ;0.00 ;0.00 ;65.00 ;0.75
22:00:12 ;0.13 ;0.75 ;0.00 ;0.00 ;40.00 ;0.55
22:00:13 ;0.12 ;0.62 ;0.00 ;0.00 ;56.00 ;0.64
22:00:14 ;0.13 ;0.63 ;0.00 ;0.00 ;16.00 ;1.25
22:00:15 ;0.00 ;0.75 ;0.00 ;0.00 ;18.00 ;0.72
22:00:16 ;0.25 ;0.50 ;0.00 ;0.00 ;60.00 ;0.85
22:00:17 ;0.25 ;0.63 ;0.00 ;0.00 ;83.00 ;0.61
22:00:18 ;0.12 ;0.50 ;0.00 ;0.00 ;53.00 ;0.62
22:00:19 ;0.00 ;0.50 ;0.00 ;0.00 ;38.00 ;0.55
22:00:20 ;0.12 ;0.62 ;0.00 ;0.00 ;41.00 ;1.27
22:00:21 ;0.25 ;0.63 ;0.00 ;0.00 ;66.00 ;0.68
22:00:22 ;0.12 ;0.75 ;0.00 ;0.00 ;55.00 ;0.93
22:00:23 ;0.13 ;0.75 ;0.00 ;0.00 ;57.00 ;0.61
22:00:24 ;0.12 ;0.50 ;0.00 ;0.00 ;13.00 ;0.54
22:00:25 ;0.13 ;0.50 ;0.00 ;0.00 ;49.00 ;0.80
22:00:26 ;0.13 ;0.63 ;0.00 ;0.00 ;49.00 ;0.71
22:00:27 ;0.12 ;0.50 ;0.00 ;0.00 ;105.00 ;0.86
22:00:28 ;0.25 ;0.63 ;0.00 ;0.00 ;74.00 ;0.76
22:00:29 ;0.13 ;0.50 ;0.00 ;0.00 ;47.00 ;0.53
22:00:30 ;0.37 ;0.75 ;0.00 ;0.00 ;71.00 ;0.89
22:00:31 ;0.25 ;0.63 ;0.00 ;0.00 ;81.00 ;0.88
22:00:32 ;0.38 ;0.75 ;0.00 ;0.00 ;413.00 ;3.89
22:00:33 ;0.13 ;0.38 ;0.00 ;0.00 ;62.00 ;0.60
22:00:34 ;0.12 ;0.50 ;0.00 ;0.00 ;53.00 ;0.62
22:00:35 ;0.13 ;0.50 ;0.00 ;0.00 ;49.00 ;0.61
22:00:36 ;0.12 ;0.75 ;0.00 ;0.00 ;60.00 ;0.53
22:00:37 ;0.25 ;0.63 ;0.00 ;0.00 ;174.00 ;2.60
22:00:38 ;0.12 ;0.88 ;0.00 ;0.00 ;39.00 ;0.56
22:00:39 ;0.12 ;0.62 ;0.00 ;0.00 ;69.00 ;0.64
22:00:40 ;0.13 ;0.63 ;0.00 ;0.00 ;23.00 ;0.52
22:00:41 ;0.13 ;0.75 ;0.00 ;0.00 ;68.00 ;0.53
22:00:42 ;0.13 ;0.63 ;0.00 ;0.00 ;49.00 ;0.65
22:00:43 ;0.38 ;0.50 ;0.00 ;0.00 ;48.00 ;1.17
22:00:44 ;0.25 ;0.38 ;0.00 ;0.00 ;59.00 ;1.29
22:00:45 ;0.13 ;0.50 ;0.00 ;0.00 ;41.00 ;0.56
22:00:46 ;0.12 ;0.50 ;0.00 ;0.00 ;41.00 ;0.54
22:00:47 ;0.13 ;0.75 ;0.00 ;0.00 ;67.00 ;0.72
22:00:48 ;0.25 ;0.50 ;0.00 ;0.00 ;69.00 ;0.59
22:00:49 ;0.13 ;0.63 ;0.00 ;0.00 ;55.00 ;0.58
22:00:50 ;0.00 ;0.50 ;0.00 ;0.00 ;25.00 ;0.64
22:00:51 ;0.25 ;0.50 ;0.00 ;0.00 ;78.00 ;1.09
22:00:52 ;0.13 ;0.38 ;0.00 ;0.00 ;45.00 ;0.58
22:00:53 ;0.25 ;0.38 ;0.00 ;0.00 ;320.00 ;2.33
22:00:54 ;0.13 ;0.38 ;0.00 ;0.00 ;54.00 ;0.54
22:00:55 ;0.12 ;0.50 ;0.00 ;0.00 ;30.00 ;0.80
22:00:56 ;0.13 ;0.50 ;0.00 ;0.00 ;59.00 ;0.66
22:00:57 ;0.13 ;0.50 ;0.00 ;0.00 ;34.00 ;0.56
22:00:58 ;0.13 ;0.50 ;0.00 ;0.00 ;88.00 ;0.91
22:00:59 ;0.13 ;0.38 ;0.00 ;0.00 ;39.00 ;1.00
22:01:00 ;0.25 ;0.62 ;0.00 ;0.00 ;35.00 ;0.83
22:01:01 ;0.12 ;0.75 ;0.00 ;0.00 ;38.00 ;1.13
22:01:02 ;0.25 ;0.62 ;0.00 ;0.00 ;52.00 ;0.65
22:01:03 ;0.25 ;0.50 ;0.00 ;0.00 ;75.00 ;0.76
22:01:04 ;0.13 ;0.38 ;0.00 ;0.00 ;50.00 ;0.54
22:01:05 ;0.00 ;0.38 ;0.00 ;0.00 ;18.81 ;0.58
22:01:06 ;0.00 ;0.38 ;0.00 ;0.00 ;14.00 ;0.57
22:01:07 ;0.12 ;0.38 ;0.00 ;0.00 ;32.00 ;0.59
22:01:08 ;0.12 ;0.50 ;0.00 ;0.00 ;26.00 ;0.54
22:01:09 ;0.00 ;0.50 ;0.00 ;0.00 ;37.00 ;0.57
22:01:10 ;0.13 ;0.50 ;0.00 ;0.00 ;47.00 ;0.51
22:01:11 ;0.12 ;0.50 ;0.00 ;0.00 ;30.00 ;0.50
22:01:12 ;0.00 ;0.63 ;0.00 ;0.00 ;33.00 ;0.52
22:01:13 ;0.25 ;0.38 ;0.00 ;0.00 ;71.00 ;0.61
22:01:14 ;0.13 ;0.38 ;0.00 ;0.00 ;51.00 ;0.63
22:01:15 ;0.12 ;0.50 ;0.00 ;0.00 ;34.00 ;0.53
22:01:16 ;0.12 ;0.50 ;0.00 ;0.00 ;42.00 ;0.64
22:01:17 ;0.12 ;0.50 ;0.00 ;0.00 ;61.00 ;0.59
22:01:18 ;0.13 ;0.63 ;0.00 ;0.00 ;50.00 ;0.66
22:01:19 ;0.13 ;0.50 ;0.00 ;0.00 ;33.00 ;0.52
22:01:20 ;0.13 ;0.63 ;0.00 ;0.00 ;62.00 ;0.58
22:01:21 ;0.12 ;0.37 ;0.00 ;0.00 ;38.00 ;0.55
22:01:22 ;0.13 ;0.38 ;0.00 ;0.00 ;62.00 ;0.56
22:01:23 ;0.13 ;0.50 ;0.00 ;0.00 ;41.00 ;0.56
22:01:24 ;0.25 ;0.50 ;0.00 ;0.00 ;425.00 ;1.62
22:01:25 ;0.12 ;0.50 ;0.00 ;0.00 ;58.00 ;0.59
22:01:26 ;0.13 ;0.50 ;0.00 ;0.00 ;49.00 ;0.55
22:01:27 ;0.13 ;0.63 ;0.00 ;0.00 ;49.00 ;0.76
22:01:28 ;0.12 ;0.62 ;0.00 ;0.00 ;63.00 ;0.76
22:01:29 ;0.13 ;0.25 ;0.00 ;0.00 ;28.00 ;0.54
22:01:30 ;0.13 ;0.38 ;0.00 ;0.00 ;34.00 ;0.79
22:01:31 ;0.00 ;0.50 ;0.00 ;0.00 ;33.00 ;0.58
22:01:32 ;0.13 ;0.75 ;0.00 ;0.00 ;45.00 ;0.51
22:01:33 ;0.13 ;0.38 ;0.00 ;0.00 ;55.00 ;0.56
22:01:34 ;0.25 ;0.50 ;0.00 ;0.00 ;260.00 ;1.46
22:01:35 ;0.13 ;0.63 ;0.00 ;0.00 ;61.00 ;0.61
22:01:36 ;0.50 ;0.50 ;0.00 ;0.00 ;191.00 ;1.36
22:01:37 ;0.12 ;0.62 ;0.00 ;0.00 ;47.00 ;0.60
22:01:38 ;0.13 ;0.38 ;0.00 ;0.00 ;38.00 ;0.63
22:01:39 ;0.13 ;0.38 ;0.00 ;0.00 ;31.00 ;0.84
22:01:40 ;0.13 ;0.63 ;0.00 ;0.00 ;54.00 ;0.54
22:01:41 ;0.00 ;0.63 ;0.00 ;0.00 ;14.00 ;0.50
22:01:42 ;0.13 ;0.63 ;0.00 ;0.00 ;32.00 ;0.53
22:01:43 ;0.12 ;0.75 ;0.00 ;0.00 ;80.00 ;0.54
